Date,Close,High,Low,Open,Volume,Symbol
2020-08-27,21.21999931,25,21.20000076,23.10000038,82219700,XPEV
2020-08-28,22.79000092,24.39999962,22.02000046,23.97999954,44847300,XPEV
2020-08-31,20.5,22.79000092,20.32999992,22.69000053,20816000,XPEV
2020-09-01,21.61000061,21.79000092,20.10000038,20.97999954,15291400,XPEV
2020-09-02,21.09000015,22,20.37999916,21.98999977,9090100,XPEV
2020-09-03,20.03000069,21.04999924,20,20.93000031,7897100,XPEV
2020-09-04,19.03000069,20.18000031,18.01000023,19.97999954,10957400,XPEV
2020-09-08,17.72999954,18.55999947,17.37000084,17.90999985,8724000,XPEV
2020-09-09,18.06999969,18.64999962,17.90999985,18.57500076,5889000,XPEV
2020-09-10,19.28000069,19.50499916,18.30999947,18.31399918,15465200,XPEV
2020-09-11,19.10000038,19.54999924,18.36000061,19.48999977,4259700,XPEV
2020-09-14,20.47999954,20.55999947,18.37999916,19.13999939,6296600,XPEV
2020-09-15,21.12000084,21.13999939,20.26000023,20.59000015,4332400,XPEV
2020-09-16,19.92000008,20.78000069,19.62000084,20.65999985,4053700,XPEV
2020-09-17,19.23999977,19.67000008,19.01000023,19.01000023,2888000,XPEV
2020-09-18,18.89999962,19.47999954,18.86000061,19.44000053,2789400,XPEV
2020-09-21,18.14999962,18.37999916,17.42499924,18.27000046,5191200,XPEV
2020-09-22,19.30999947,19.57999992,18.17000008,18.5,4131300,XPEV
2020-09-23,18.40999985,19.42000008,18.10000038,19.42000008,3273900,XPEV
2020-09-24,17.45000076,18.17000008,17.11000061,18,3995300,XPEV
2020-09-25,17.93000031,18,17.12000084,17.80999947,5330800,XPEV
2020-09-28,19.05999947,19.45000076,18.5,19.02000046,5507500,XPEV
2020-09-29,18.78000069,19.20000076,18.53000069,19.05999947,5833800,XPEV
2020-09-30,20.06999969,20.09000015,19.15999985,19.94000053,10406000,XPEV
2020-10-01,18.67000008,20.22999954,18.51000023,20.14999962,10024400,XPEV
2020-10-02,18.19000053,18.55999947,17.97999954,18,4525000,XPEV
2020-10-05,20.04000092,20.38999939,19.21999931,19.57999992,14572300,XPEV
2020-10-06,19.70000076,20.90999985,19.20000076,20.44000053,7054000,XPEV
2020-10-07,20.15999985,20.59000015,19.85000038,19.97999954,4938600,XPEV
2020-10-08,19.86000061,20.62999916,19.71999931,20.51000023,3516700,XPEV
2020-10-09,20,20.05999947,19.51000023,19.75,2932100,XPEV
2020-10-12,19.87999916,20.53000069,19.76000023,20.45000076,4898800,XPEV
2020-10-13,19.63999939,19.79999924,19.30999947,19.70000076,3824000,XPEV
2020-10-14,22.04999924,22.54999924,20.18000031,20.30999947,18302700,XPEV
2020-10-15,22.15999985,22.76000023,21.04999924,21.93000031,10449200,XPEV
2020-10-16,21.77000046,23.10000038,21.31999969,22.97999954,6251900,XPEV
2020-10-19,19.84000015,21.93000031,19.81999969,21.81999969,8204100,XPEV
2020-10-20,20.13999939,20.64999962,20,20.2140007,5993600,XPEV
2020-10-21,20.42000008,20.46999931,20.01000023,20.20000076,4159700,XPEV
2020-10-22,20.81999969,20.88999939,20.13999939,20.77000046,6382600,XPEV
2020-10-23,20.04999924,20.93000031,19.95000076,20.89999962,4465800,XPEV
2020-10-26,19.62000084,20.28000069,19.20000076,20.05999947,4263800,XPEV
2020-10-27,19.89999962,20.25,19.54000092,19.62000084,3603800,XPEV
2020-10-28,19.02000046,19.67000008,18.5,19.67000008,5551500,XPEV
2020-10-29,20.71999931,20.81999969,19.19000053,19.19000053,10753300,XPEV
2020-10-30,19.37999916,21.36000061,19.20999908,20.40999985,9323700,XPEV
2020-11-02,20.71999931,22.45999908,20.51000023,21.46999931,19916300,XPEV
2020-11-03,22.20999908,22.47999954,20.25,21.39999962,11308100,XPEV
2020-11-04,27.38999939,27.44000053,23.39999962,24.04000092,50724000,XPEV
2020-11-05,35.84999847,36.43999863,29.79999924,30.26000023,89538500,XPEV
2020-11-06,34.81000137,39.5,33.18000031,36.31999969,102189400,XPEV
2020-11-09,34.06999969,36.18999863,31.28000069,35.43000031,34809300,XPEV
2020-11-10,32.90000153,36.5,31.01000023,34.38999939,32340200,XPEV
2020-11-11,33.52999878,33.66999817,30.48999977,31.26000023,24899000,XPEV
2020-11-12,44.72999954,48.56999969,35.59999847,36.47999954,166146200,XPEV
2020-11-13,41.99000168,51.27000046,38,47.95999908,92071900,XPEV
2020-11-16,44.09999847,45.49000168,39,40.52999878,39098400,XPEV
2020-11-17,42.90999985,47.09999847,42.40000153,46.27999878,28768600,XPEV
2020-11-18,42.18000031,43.97000122,40.09999847,43.29000092,26428600,XPEV
2020-11-19,48.11000061,48.18999863,41.06000137,41.72000122,35122700,XPEV
2020-11-20,53.88999939,56.77000046,48.29999924,48.65999985,79526200,XPEV
2020-11-23,72.16999817,73.05999756,56.54000092,56.75,100012200,XPEV
2020-11-24,70.62999725,74.48999786,62.77000046,72.16999817,99907800,XPEV
2020-11-25,64.26999664,67.19000244,63.00999832,64.65000153,49197400,XPEV
2020-11-27,64.27999878,68.41999817,61.15000153,65.29000092,26582800,XPEV
2020-11-30,58.75999832,62.79999924,55.5,62.75999832,38926500,XPEV
2020-12-01,52.36000061,63.34999847,51.29999924,61.79000092,48817300,XPEV
2020-12-02,56,57.38000107,46.00999832,47.00999832,60694200,XPEV
2020-12-03,51.81999969,57.54999924,51.45000076,56.95999908,32475600,XPEV
2020-12-04,49.34000015,52.91999817,48.40000153,50.34000015,27406400,XPEV
2020-12-07,48.29999924,51.08000183,46,46.06999969,37935200,XPEV
2020-12-08,48.68999863,51.97999954,48.15999985,50.04999924,26377400,XPEV
2020-12-09,44.65000153,47.70999908,43.54999924,47.04000092,57540500,XPEV
2020-12-10,44.79999924,45.08000183,42.84000015,42.93999863,27260400,XPEV
2020-12-11,44.31000137,46.83000183,43.65000153,44.18000031,22730900,XPEV
2020-12-14,47.16999817,48.09999847,44.29999924,45.93000031,34420400,XPEV
2020-12-15,49.49000168,51.24000168,47.25,48.59999847,35698900,XPEV
2020-12-16,47.40000153,51.06999969,46.75,50.54000092,22522900,XPEV
2020-12-17,46.38000107,47.88999939,45.22000122,47.00999832,20787400,XPEV
2020-12-18,46.38000107,48.79000092,44.61000061,46.06000137,24368900,XPEV
2020-12-21,46.97000122,47.88000107,45.02000046,45.11000061,18790900,XPEV
2020-12-22,45.04999924,47.49000168,43.75,47.41999817,19407600,XPEV
2020-12-23,43.79999924,44.95999908,43.08000183,44.77000046,13495200,XPEV
2020-12-24,41.86999893,44.20000076,41.63999939,43.04000092,15453300,XPEV
2020-12-28,38.00999832,41.86000061,37.5,41.79000092,30945500,XPEV
2020-12-29,41.54999924,41.81800079,37.59999847,38.75,24437000,XPEV
2020-12-30,42.29000092,43.24000168,41.16400146,42.83000183,20341500,XPEV
2020-12-31,42.83000183,44.65999985,41.95000076,42.77999878,21960200,XPEV
2021-01-04,44.09999847,47.68999863,43.47999954,45.59999847,39630300,XPEV
2021-01-05,42.34000015,44.99000168,41.61999893,44.13000107,22844800,XPEV
2021-01-06,41.22999954,43.97000122,40.59999847,41.56999969,23483800,XPEV
2021-01-07,44.99000168,45.49000168,42.06999969,42.40000153,19662000,XPEV
2021-01-08,45.45000076,47.95000076,44.02000046,47.91999817,22085400,XPEV
2021-01-11,44.36000061,47.24000168,43.59999847,46.31000137,21540000,XPEV
2021-01-12,54.29999924,54.75,45.36000061,45.54999924,57411100,XPEV
2021-01-13,51.65999985,54.75999832,50.34000015,53.70000076,28490600,XPEV
2021-01-14,50.31000137,52.04000092,49.50999832,52,17764400,XPEV
2021-01-15,47.81999969,49.66999817,46.65999985,49.33000183,19804600,XPEV
2021-01-19,53.84000015,54.74000168,49.84999847,49.97000122,35241600,XPEV
2021-01-20,52.45999908,58.36999893,50.81000137,55.97000122,32728400,XPEV
2021-01-21,54.31000137,55.68000031,50.52999878,53.29999924,21380100,XPEV
2021-01-22,56.38999939,57.58000183,54.20000076,54.58000183,22148300,XPEV
2021-01-25,54.65000153,60.04000092,51.65999985,58.47000122,23297900,XPEV
2021-01-26,54,56.38000107,52.86999893,54.75,12374800,XPEV
2021-01-27,49.95999908,53.06000137,49.40000153,51.95000076,17383200,XPEV
2021-01-28,50.15999985,51.25999832,47.75999832,49.72000122,14453400,XPEV
2021-01-29,48.18000031,51,47.04999924,50.00999832,13688000,XPEV
2021-02-01,49.27000046,51.34000015,47.63000107,51.11000061,15679300,XPEV
2021-02-02,47.00999832,50.13000107,46.02999878,50.13000107,18144000,XPEV
2021-02-03,47.52000046,47.99000168,45.86000061,46.99000168,13241500,XPEV
2021-02-04,48.13000107,48.34999847,46.93999863,47.95000076,9469600,XPEV
2021-02-05,46.93000031,48.5,46.45999908,48.45000076,10165200,XPEV
2021-02-08,47.61000061,48.34999847,45.59999847,46.5,14494400,XPEV
2021-02-09,48.75,49.16999817,46.08000183,47.56000137,23543800,XPEV
2021-02-10,47.77000046,51.18999863,47.11999893,48.72000122,20108400,XPEV
2021-02-11,47.13000107,48.83000183,46.29999924,48.11000061,11042500,XPEV
2021-02-12,46.88999939,47.20999908,45.88000107,46.90000153,8116300,XPEV
2021-02-16,45.00999832,47.34999847,44.43000031,47.02999878,14971700,XPEV
2021-02-17,43.40999985,44.36999893,41.90999985,44.22999954,15330800,XPEV
2021-02-18,41.15000153,42.06999969,39.88000107,41.95000076,16922000,XPEV
2021-02-19,40.88000107,42.58000183,40.65999985,42.45999908,14145000,XPEV
2021-02-22,38,40.47000122,37.79999924,39.74000168,22724800,XPEV
2021-02-23,37.90999985,38.04000092,32.72000122,36.40000153,35934000,XPEV
2021-02-24,38.70999908,39.08000183,35.75,37.83000183,17572200,XPEV
2021-02-25,35.40000153,38.00999832,34.75,38,22154900,XPEV
2021-02-26,34.11000061,35.81999969,33,34.97999954,20753900,XPEV
2021-03-01,35.5,35.81999969,34.72999954,35.00999832,14209400,XPEV
2021-03-02,31.5,33.77000046,31.37999916,33.54000092,28529600,XPEV
2021-03-03,30.03000069,32.65999985,29.79000092,32.49000168,22459700,XPEV
2021-03-04,29.36000061,31.37999916,27.34000015,29.87000084,38048000,XPEV
2021-03-05,28.03000069,29.89999962,25.27000046,29.21999931,40583000,XPEV
2021-03-08,26.92000008,30.64999962,26.89999962,29.44000053,40913000,XPEV
2021-03-09,29.96999931,31.65800095,28.13999939,29.48999977,42181700,XPEV
2021-03-10,30.70000076,32.4679985,30.12000084,32.04999924,29911600,XPEV
2021-03-11,34.81000137,35,32.16999817,32.68999863,31846600,XPEV
2021-03-12,35.15000153,35.27000046,32.77999878,32.97000122,25125300,XPEV
2021-03-15,35.36999893,36.34000015,34.54999924,36.09000015,19605900,XPEV
2021-03-16,35.93000031,37.38999939,34.81999969,35.74000168,19094200,XPEV
2021-03-17,36.11999893,36.61899948,33.58000183,34.5,16316200,XPEV
2021-03-18,35,36.79999924,34.90999985,35.13000107,14909700,XPEV
2021-03-19,37.47999954,37.70000076,34.65000153,34.93000031,26259800,XPEV
2021-03-22,37.88000107,38.38999939,36.77000046,38.06000137,15161400,XPEV
2021-03-23,36.33000183,37.65999985,36.27000046,36.99000168,11786400,XPEV
2021-03-24,30.85000038,36.24000168,30.71999931,36.24000168,31313300,XPEV
2021-03-25,32.52999878,33.09999847,29.56999969,29.95000076,25407900,XPEV
2021-03-26,32.13999939,33.04999924,31.07999992,31.57999992,16863700,XPEV
2021-03-29,31.40999985,32.13999939,30.69000053,31.52000046,12743700,XPEV
2021-03-30,33.81999969,33.81999969,30.95999908,30.98999977,20662600,XPEV
2021-03-31,36.50999832,37,34.18000031,34.99000168,23285500,XPEV
2021-04-01,36.95000076,39.24000168,36.65000153,38.86999893,17008000,XPEV
2021-04-05,36.00999832,37.54000092,35.49000168,37.45999908,10133100,XPEV
2021-04-06,37.00999832,37.47000122,35.31999969,35.90000153,9316400,XPEV
2021-04-07,34.06999969,36.31000137,33.95000076,36.31000137,13035700,XPEV
2021-04-08,35.45000076,35.77000046,34.47000122,34.88999939,8908300,XPEV
2021-04-09,34.49000168,35.27000046,34.29000092,34.91999817,5522900,XPEV
2021-04-12,33.99000168,36.13999939,33.70000076,34.90000153,11231200,XPEV
2021-04-13,35.47999954,36.02999878,34.20999908,34.54000092,12183700,XPEV
2021-04-14,32.88999939,35.95000076,32.68999863,35.84999847,19735200,XPEV
2021-04-15,31.39999962,32.95999908,30.59000015,32.95700073,21561500,XPEV
2021-04-16,30.92000008,31.04000092,30.35000038,30.78000069,13563000,XPEV
2021-04-19,31.20000076,31.39999962,29.77000046,31.29999924,14845300,XPEV
2021-04-20,31.27000046,31.84000015,30.35000038,31.29999924,7475400,XPEV
2021-04-21,32.59999847,32.60499954,30.56999969,30.96500015,9432400,XPEV
2021-04-22,32.36999893,33.18000031,31.68000031,32.61999893,11969900,XPEV
2021-04-23,33.29999924,33.43999863,32.15000153,32.39500046,8891600,XPEV
2021-04-26,33,33.59000015,32.22999954,33.5,12281200,XPEV
2021-04-27,31.59000015,33.00500107,31.37000084,32.97000122,12002000,XPEV
2021-04-28,31.69000053,32.26699829,31.10000038,31.45999908,7992600,XPEV
2021-04-29,30.52000046,32.02000046,29.81999969,31.96999931,11607900,XPEV
2021-04-30,29.90999985,31,29.43000031,29.89999962,14568400,XPEV
2021-05-03,29.02000046,30.23999977,28.87000084,30.09000015,11035500,XPEV
2021-05-04,28.96999931,29.14999962,27.67000008,28.37000084,14223900,XPEV
2021-05-05,27.98999977,29.37999916,27.81999969,29.17000008,8074200,XPEV
2021-05-06,26.37999916,28.20000076,25.77000046,27.63999939,18358700,XPEV
2021-05-07,26.69000053,27.67200089,26.40999985,26.61000061,11595500,XPEV
2021-05-10,25.45999908,26.80999947,25.02000046,26.80999947,13537300,XPEV
2021-05-11,24.93000031,25.23999977,23,23.89999962,17145600,XPEV
2021-05-12,24.76000023,25.67000008,24.53000069,24.87000084,16207900,XPEV
2021-05-13,23.55999947,25.68000031,22.72999954,25.13999939,29007900,XPEV
2021-05-14,25.70000076,25.98999977,23.87000084,24.01000023,14855200,XPEV
2021-05-17,26.12000084,26.60000038,25.32999992,25.81999969,11281900,XPEV
2021-05-18,27.31999969,27.78000069,26.05999947,26.50399971,15116000,XPEV
2021-05-19,27.63999939,27.87000084,26.06999969,26.28000069,11093800,XPEV
2021-05-20,28.79999924,29.37999916,27.84000015,28.04000092,14760900,XPEV
2021-05-21,28.57999992,29.27000046,28.21999931,29.20999908,10035500,XPEV
2021-05-24,29.12999916,29.54000092,27.69000053,28.61000061,10494000,XPEV
2021-05-25,29.37999916,30.47999954,28.54000092,29.60000038,13389100,XPEV
2021-05-26,31.56999969,32.06000137,29.65999985,29.97999954,17681500,XPEV
2021-05-27,32.38999939,32.42499924,30.82999992,31.70000076,29431800,XPEV
2021-05-28,32.13000107,33.09000015,31.85000038,32.16999817,9713300,XPEV
2021-06-01,34.59999847,34.77000046,33.04000092,33.70000076,21612000,XPEV
2021-06-02,35,36.22999954,34.15000153,34.5,17256700,XPEV
2021-06-03,35.95000076,37.06000137,34.27999878,34.84000015,15989700,XPEV
2021-06-04,37.11000061,37.72499847,35.90000153,36.36999893,13185900,XPEV
2021-06-07,38.36000061,38.77000046,36.68999863,37.06999969,14478900,XPEV
2021-06-08,39.65000153,40.15999985,38.68999863,38.97000122,21313500,XPEV
2021-06-09,38.06999969,40.24000168,37.77000046,40.09999847,13997800,XPEV
2021-06-10,38.61000061,39.16999817,38.02999878,38.20000076,9932300,XPEV
2021-06-11,41.5,41.77000046,38.68000031,38.90000153,19326500,XPEV
2021-06-14,42.59999847,43.20000076,41.45000076,41.93999863,14439100,XPEV
2021-06-15,40.16999817,41.99900055,40.04999924,41.25,16102300,XPEV
2021-06-16,41.02999878,41.25699997,38.63999939,38.86999893,14648900,XPEV
2021-06-17,44.24000168,44.40000153,40.95999908,41.09000015,19008900,XPEV
2021-06-18,45.22999954,45.75,44.43000031,44.63999939,34853100,XPEV
2021-06-21,43.63000107,45,42.08000183,44.93000031,14259300,XPEV
2021-06-22,39.99000168,43.54999924,39.70999908,42.45000076,24147400,XPEV
2021-06-23,41.61000061,42.72999954,41.04999924,42.02000046,16889200,XPEV
2021-06-24,40.95000076,42.27000046,40.15999985,42.20000076,14767800,XPEV
2021-06-25,42.15999985,42.45000076,40.77199936,41.15000153,11366500,XPEV
2021-06-28,45.31000137,45.52999878,42.36000061,42.40000153,16329400,XPEV
2021-06-29,44.31999969,45.09999847,43.36999893,44.15000153,14390200,XPEV
2021-06-30,44.41999817,44.77999878,43.02999878,43.22999954,22597400,XPEV
2021-07-01,43.65999985,47.97999954,42.90000153,46.27999878,34361500,XPEV
2021-07-02,43.74000168,44.11999893,41.50999832,43.81000137,17669300,XPEV
2021-07-06,44.04999924,45.33000183,42.18999863,42.18999863,18127500,XPEV
2021-07-07,41.47000122,44.25,40.41999817,43.36000061,28874400,XPEV
2021-07-08,40,41.47000122,38.38000107,38.75,19139600,XPEV
2021-07-09,39.91999817,40.68999863,38.86999893,40.36000061,11282600,XPEV
2021-07-12,39.79999924,40.88999939,38.61999893,39.95000076,9265700,XPEV
2021-07-13,39.18999863,40.31000137,38.50999832,39.70000076,8386500,XPEV
2021-07-14,37.77000046,39.50500107,37.27999878,38.88999939,11170200,XPEV
2021-07-15,38.50999832,39.29999924,36.91999817,37.49000168,11017100,XPEV
2021-07-16,39.02999878,39.54999924,38.38000107,38.93000031,11318800,XPEV
2021-07-19,39.72000122,39.90000153,37.20999908,38.18000031,10598700,XPEV
2021-07-20,40.75999832,40.99000168,39.09999847,39.93999863,8123500,XPEV
2021-07-21,43.86999893,44.41999817,41.36500168,41.61999893,18107800,XPEV
2021-07-22,43.27000046,43.95000076,42.65999985,43.54999924,6905400,XPEV
2021-07-23,41,42.07899857,39.72000122,41.99000168,11475300,XPEV
2021-07-26,40.75,43.02000046,39.40999985,39.61000061,12377100,XPEV
2021-07-27,34.70000076,39.83000183,33.86000061,39.34000015,38824200,XPEV
2021-07-28,37.34000015,38.34000015,35.95000076,36.84000015,19808300,XPEV
2021-07-29,38.09999847,39.25999832,37.47000122,38.91999817,9915100,XPEV
2021-07-30,40.52999878,42.24000168,38.22000122,38.68000031,21732500,XPEV
2021-08-02,43.38999939,44.11999893,41.81000137,42.50400162,20832600,XPEV
2021-08-03,42.75999832,43.08000183,41.52000046,42.22000122,10996700,XPEV
2021-08-04,43.77999878,45.13000107,43.4640007,44.16999817,10470900,XPEV
2021-08-05,42.75,43.5320015,42.11999893,43,6351200,XPEV
2021-08-06,41.22000122,43.06999969,40.36999893,42.90999985,8913300,XPEV
2021-08-09,42.36999893,42.79299927,41.11000061,41.38999939,6520000,XPEV
2021-08-10,42.33000183,43.68999863,41.88000107,42.61000061,5298200,XPEV
2021-08-11,42.25,42.75,41.20999908,42.5,6232500,XPEV
2021-08-12,41.02000046,41.56000137,39.88000107,41.56000137,5900600,XPEV
2021-08-13,40.15000153,40.27999878,39.33000183,40,5669600,XPEV
2021-08-16,37.50999832,38.88000107,37.06000137,38.61000061,9709100,XPEV
2021-08-17,37.86999893,39.13999939,35.79999924,36.06000137,9006700,XPEV
2021-08-18,39.5,40.36999893,38.00999832,38.45999908,8348300,XPEV
2021-08-19,37.56999969,39.0890007,37.5,38.5,6505800,XPEV
2021-08-20,38.68999863,39.95000076,37.90000153,38.02000046,7542700,XPEV
2021-08-23,39.68999863,39.79999924,38.25,38.97000122,6839100,XPEV
2021-08-24,40.54999924,40.77999878,39.61000061,40.18999863,7800100,XPEV
2021-08-25,40.86999893,41.22000122,39.81000137,40.38999939,6770200,XPEV
2021-08-26,40.61999893,42.45000076,39.84999847,40,12048100,XPEV
2021-08-27,40.27999878,41.68000031,40.15999985,41.68000031,6821800,XPEV
2021-08-30,40.75,40.84999847,39.02000046,40.45000076,6740800,XPEV
2021-08-31,42.5,42.5,40.41999817,40.54999924,11999200,XPEV
2021-09-01,40.77999878,42.04199982,40.48199844,41.09999847,11686400,XPEV
2021-09-02,40.79000092,41.63999939,40.52000046,41.11999893,6842500,XPEV
2021-09-03,39.75,40.61999893,39.36000061,40.58000183,5984600,XPEV
2021-09-07,41.77000046,42.5,40.18000031,40.20999908,13189800,XPEV
2021-09-08,39.25999832,40.95000076,38.74000168,40.70000076,13391800,XPEV
2021-09-09,39.36999893,39.73899841,38.04999924,39.13999939,5636800,XPEV
2021-09-10,38.54000092,40.65000153,38.43999863,39.66999817,7484000,XPEV
2021-09-13,38.33000183,38.95000076,37.25,38.88999939,6863100,XPEV
2021-09-14,38.43999863,39.40000153,38.02999878,38.29999924,5594400,XPEV
2021-09-15,38.09999847,38.65000153,36.72999954,38.43999863,12015900,XPEV
2021-09-16,37.59000015,38.00999832,36.95000076,37.40000153,5948300,XPEV
2021-09-17,39.00999832,39.11999893,37.70000076,37.99000168,11148000,XPEV
2021-09-20,36.59000015,37.70999908,36.00999832,37.5,8088500,XPEV
2021-09-21,36.74000168,37.31000137,36.47999954,37,6686400,XPEV
2021-09-22,36.95000076,37.52999878,36.59999847,37,5501200,XPEV
2021-09-23,36.81000137,37.11999893,35.91500092,37,8485700,XPEV
2021-09-24,35.34000015,36.86000061,35.24000168,36.47000122,5852200,XPEV
2021-09-27,36.11999893,36.29999924,34.38999939,35.18000031,9133300,XPEV
2021-09-28,34.66999817,36.25,34.58000183,36.06999969,5914100,XPEV
2021-09-29,34.54999924,35.81000137,34.31000137,34.58000183,7095500,XPEV
2021-09-30,35.54000092,36.11000061,34.81600189,35.02999878,6461500,XPEV
2021-10-01,35.45999908,36.75999832,35.08000183,36.75,7770600,XPEV
2021-10-04,34.11000061,35.20000076,33.52000046,35.18000031,6557200,XPEV
2021-10-05,35.52000046,35.74000168,34.25500107,34.25999832,5425300,XPEV
2021-10-06,35.75,36.11800003,34.72000122,34.84999847,5469600,XPEV
2021-10-07,38.25999832,38.88000107,36.84000015,36.90000153,12748700,XPEV
2021-10-08,37.65999985,38.47999954,37.34000015,38.40000153,4624200,XPEV
2021-10-11,37.41999817,38.43000031,37.34999847,38,4319000,XPEV
2021-10-12,37.70999908,38.38999939,37.20000076,37.75,5082500,XPEV
2021-10-13,39.88999939,40,37.88000107,38.15000153,9307200,XPEV
2021-10-14,39.38999939,40.20000076,38.83000183,39.11000061,5407700,XPEV
2021-10-15,42.79000092,43,40.22999954,40.41999817,17186000,XPEV
2021-10-18,43.20999908,43.84500122,41.61000061,42.22000122,9186200,XPEV
2021-10-19,43.15000153,44.58000183,42.91999817,43.75,8055000,XPEV
2021-10-20,42.93999863,43.29000092,42.11000061,42.79999924,5703200,XPEV
2021-10-21,43.5,43.89400101,42.27999878,42.49000168,5511200,XPEV
2021-10-22,43.13999939,44.5,42.88999939,43.63999939,7525400,XPEV
2021-10-25,48.09000015,48.41999817,44.24000168,44.75,28325800,XPEV
2021-10-26,45.34000015,49.48799896,44.58000183,47.38999939,19877500,XPEV
2021-10-27,45.90000153,48.06999969,45.77000046,46.40999985,11521300,XPEV
2021-10-28,46.24000168,47.84000015,45.22000122,47.22999954,9398300,XPEV
2021-10-29,46.63000107,46.84999847,45.65000153,46,6551500,XPEV
2021-11-01,47.86999893,49.54999924,46.79999924,48.70000076,20155000,XPEV
2021-11-02,46.90000153,48.29999924,45.66999817,47.20000076,8759700,XPEV
2021-11-03,46.63999939,46.84999847,45.75,46.5,5303800,XPEV
2021-11-04,47.84000015,48.84000015,47.22000122,48,11693000,XPEV
2021-11-05,46.38999939,48.08000183,45.75999832,48.06999969,9628300,XPEV
2021-11-08,47.11000061,48.16999817,45.04999924,45.40999985,8396600,XPEV
2021-11-09,44.29999924,47,44.13000107,46.93000031,9595600,XPEV
2021-11-10,44.33000183,45.74000168,43.83000183,44.38000107,7692600,XPEV
2021-11-11,47.58000183,47.95000076,45.00999832,45.70000076,8959800,XPEV
2021-11-12,48.52999878,50.40000153,47.65999985,49,16642400,XPEV
2021-11-15,47.5,49.04000092,46.88000107,48.52999878,6449500,XPEV
2021-11-16,50,50.09999847,47.72999954,48.40000153,13366500,XPEV
2021-11-17,48.29999924,50,47.84000015,50,8941500,XPEV
2021-11-18,47.27000046,48.65000153,45.88000107,48.06999969,9414900,XPEV
2021-11-19,46.88999939,48.31999969,46.34999847,47.45999908,7686200,XPEV
2021-11-22,47.38999939,50,47.11000061,47.86999893,14876300,XPEV
2021-11-23,51.29999924,54,47.5,49,36340000,XPEV
2021-11-24,54.36999893,54.99000168,50.27999878,51.29999924,26702700,XPEV
2021-11-26,51.11000061,52.84000015,50.1609993,51.63000107,11333600,XPEV
2021-11-29,51.36000061,54,50.61000061,53.00999832,15403700,XPEV
2021-11-30,55,55.40000153,51.20000076,51.20399857,22751300,XPEV
2021-12-01,51.13999939,56.45000076,50.79999924,56.07500076,20740500,XPEV
2021-12-02,48.29000092,53.91999817,44.81000137,52.5,24915200,XPEV
2021-12-03,43.79999924,48.25,42.77999878,47.04999924,29079900,XPEV
2021-12-06,46.27999878,46.49000168,41.15000153,44.5,19762200,XPEV
2021-12-07,47.40000153,48.36500168,46.06000137,47.75999832,12192900,XPEV
2021-12-08,47.88000107,48.36000061,46.13999939,48,7994900,XPEV
2021-12-09,46.13000107,48.25,45.50999832,47.50999832,8557800,XPEV
2021-12-10,46.83000183,47.18000031,45.34000015,45.79999924,6577600,XPEV
2021-12-13,45.31999969,47.29999924,45.19499969,45.81000137,8210700,XPEV
2021-12-14,44.47000122,44.88999939,43.18999863,43.81000137,9067000,XPEV
2021-12-15,43.18000031,44.08000183,40.63000107,43.79999924,13774000,XPEV
2021-12-16,42.27000046,44.18999863,41.79999924,43.93000031,7746700,XPEV
2021-12-17,41.75999832,42.59000015,40.13000107,41.18000031,8422800,XPEV
2021-12-20,39.43999863,40.79000092,38.41999817,40.29999924,10533100,XPEV
2021-12-21,43.77000046,43.84999847,40.65000153,40.65999985,12240600,XPEV
2021-12-22,45.74000168,45.84999847,42.62099838,42.81000137,8621100,XPEV
2021-12-23,46.09000015,46.31999969,44.59000015,45.29999924,4684500,XPEV
2021-12-27,46.06999969,46.82500076,45.20000076,45.75999832,5343600,XPEV
2021-12-28,45.38999939,46.40000153,44.75999832,45.86999893,4549700,XPEV
2021-12-29,44.47000122,45.48899841,42.70999908,45.25,7476500,XPEV
2021-12-30,48.90000153,49.63000107,44.00999832,44.15999985,11373200,XPEV
2021-12-31,50.33000183,51.13999939,48.36500168,48.43000031,9809800,XPEV
2022-01-03,50.27000046,51.5,48.04999924,51.11999893,10873300,XPEV
2022-01-04,47.59999847,49.95000076,46.06999969,49.77999878,10009600,XPEV
2022-01-05,46.11000061,47.97000122,45.97999954,46.36000061,10182500,XPEV
2022-01-06,46.65999985,47.56000137,45.25999832,46.22000122,6973000,XPEV
2022-01-07,45.04999924,48.00400162,44.18000031,46.72000122,10044700,XPEV
2022-01-10,42.63000107,44.43000031,40.43199921,44.43000031,12708400,XPEV
2022-01-11,45.75999832,45.85900116,42.75,42.88000107,7588200,XPEV
2022-01-12,48.38000107,48.47999954,46.36000061,46.90000153,11799000,XPEV
2022-01-13,47.52000046,49.29999924,47.27999878,47.99000168,11268300,XPEV
2022-01-14,49.68999863,49.72000122,47.28099823,47.99000168,12121400,XPEV
2022-01-18,47.31999969,49.02000046,47.15000153,47.97000122,7257000,XPEV
2022-01-19,43.79999924,47.70000076,43.79999924,47.29999924,9921400,XPEV
2022-01-20,44.61000061,47.09999847,44.43999863,45,8602800,XPEV
2022-01-21,41.81000137,44.00999832,41.63000107,44.00999832,9484100,XPEV
2022-01-24,39.99000168,40.05500031,36.59500122,39.95000076,15026900,XPEV
2022-01-25,38.00999832,39.83000183,37.43000031,38.79000092,8912100,XPEV
2022-01-26,37.29999924,39.81000137,36.79499817,39.5,9687800,XPEV
2022-01-27,32.61000061,36.90499878,32.50999832,36.90499878,17538600,XPEV
2022-01-28,32.15000153,32.43000031,30.37999916,31.70000076,15158300,XPEV
2022-01-31,35.09000015,35.38000107,32.61999893,33.84000015,13233500,XPEV
2022-02-01,36.40000153,36.93000031,34.27000046,36.27999878,12985900,XPEV
2022-02-02,35.79999924,36.40000153,34.72999954,36.02000046,6932000,XPEV
2022-02-03,34.52000046,36.65999985,34.45999908,34.79999924,7304300,XPEV
2022-02-04,37.25,37.73899841,35,35.5,10681300,XPEV
2022-02-07,36.86000061,38.18000031,36.11100006,36.18999863,6773300,XPEV
2022-02-08,37.16999817,37.25,35.56000137,36.52000046,8726500,XPEV
2022-02-09,40.72999954,41.33000183,38.88999939,39.84000015,16398500,XPEV
2022-02-10,38.91999817,40.31000137,38.54999924,39.22000122,9177100,XPEV
2022-02-11,37.27000046,39.34999847,36.61000061,38.90000153,8371300,XPEV
2022-02-14,37.00999832,38.02999878,36.29399872,36.45999908,6644400,XPEV
2022-02-15,40.06000137,40.09000015,37.72000122,38.25,7314800,XPEV
2022-02-16,39.15000153,39.47999954,38.41600037,39.20000076,5892300,XPEV
2022-02-17,39.36000061,40.86000061,39.15999985,39.47999954,8041600,XPEV
2022-02-18,37.88999939,39.79000092,37.38999939,39.77000046,8184600,XPEV
2022-02-22,34.77000046,36.91799927,34.08000183,36.22999954,11832900,XPEV
2022-02-23,34.20999908,36.11000061,33.79999924,35.81000137,10980200,XPEV
2022-02-24,34.56000137,34.84999847,30.93000031,31.1989994,11893500,XPEV
2022-02-25,35.02999878,35.31999969,33.36000061,35.06000137,8169100,XPEV
2022-02-28,36.36999893,36.52000046,34.40000153,34.77999878,9763300,XPEV
2022-03-01,33.84000015,36.09000015,33.61999893,35.63999939,10832800,XPEV
2022-03-02,34.41999817,34.97999954,33.40000153,34.15999985,9739000,XPEV
2022-03-03,31.26000023,34.5,30.62000084,34.5,17168100,XPEV
2022-03-04,29.53000069,31.48999977,29.3560009,30.90999985,10899600,XPEV
2022-03-07,27.20999908,29.95000076,26.95000076,29.19000053,19520200,XPEV
2022-03-08,25.97999954,27,25.44000053,26.34000015,18713900,XPEV
2022-03-09,28.64999962,29.19000053,27.13999939,27.29000092,12201300,XPEV
2022-03-10,26.06999969,27.54999924,25.32999992,27.20999908,14539200,XPEV
2022-03-11,22.90999985,26.94000053,22.62000084,26.82999992,24734300,XPEV
2022-03-14,19.75,21.79999924,18.01000023,20.02000046,31384500,XPEV
2022-03-15,21.25,21.89999962,18.82999992,19.20000076,23678100,XPEV
2022-03-16,27.53000069,27.84499931,24.51000023,25.70999908,34515000,XPEV
2022-03-17,24.96999931,25.81999969,23.79999924,25.28000069,23721000,XPEV
2022-03-18,28.77000046,29.63999939,24.96999931,25.30999947,27982700,XPEV
2022-03-21,27.31999969,28.79000092,26.45499992,27.79999924,15074800,XPEV
2022-03-22,29.01000023,29.28000069,27.61000061,28.11700058,14356500,XPEV
2022-03-23,29.07999992,30.23600006,27.81999969,28.12000084,14885000,XPEV
2022-03-24,29.26000023,29.27000046,27.40600014,29.07999992,12147900,XPEV
2022-03-25,27.04999924,28.19000053,26.45000076,27.5,14020900,XPEV
2022-03-28,27.12999916,28.15999985,26.07999992,27.37999916,19135000,XPEV
2022-03-29,28.20000076,28.56500053,27.23999977,27.67000008,13725500,XPEV
2022-03-30,28.44000053,30.95000076,28.29999924,28.88500023,19172700,XPEV
2022-03-31,27.59000015,28.52000046,27.20000076,28.45999908,9221100,XPEV
2022-04-01,29.19000053,30.14999962,28.22999954,30,14765800,XPEV
2022-04-04,31.39999962,31.55999947,29.94000053,30.79999924,15871700,XPEV
2022-04-05,29.40999985,31.37999916,29.25,31,10621800,XPEV
2022-04-06,28.95000076,29.23999977,27.54000092,28.86000061,9102100,XPEV
2022-04-07,28.14999962,29.00600052,27.12000084,28.79999924,9354400,XPEV
2022-04-08,27.19000053,28.05999947,26.93000031,27.86000061,6554200,XPEV
2022-04-11,26.60000038,26.98999977,24.75,25.46999931,10419200,XPEV
2022-04-12,25.78000069,27.15999985,25,26.46999931,9710800,XPEV
2022-04-13,27.65999985,27.95000076,25.90200043,26.48999977,9296300,XPEV
2022-04-14,26.93000031,27.59000015,26.79000092,26.89999962,5618700,XPEV
2022-04-18,26.45999908,26.78000069,25.60000038,26.51000023,6588200,XPEV
2022-04-19,27.36000061,27.39999962,25.48999977,26.34000015,6010700,XPEV
2022-04-20,24.87000084,26.73999977,24.81500053,26.62000084,10066500,XPEV
2022-04-21,23.84000015,25.82999992,23.52000046,25.55999947,9715300,XPEV
2022-04-22,23.87000084,25.46899986,23.85000038,24.14999962,7971000,XPEV
2022-04-25,24.20999908,24.62999916,22.85000038,23.19000053,8777300,XPEV
2022-04-26,22.70999908,24.47999954,22.38999939,24.12000084,9012300,XPEV
2022-04-27,23.71999931,25.10499954,23.30999947,23.54999924,10610600,XPEV
2022-04-28,24.07999992,24.55999947,22.46999931,24.39999962,8793600,XPEV
2022-04-29,24.61000061,26.22999954,24.55999947,25.80999947,10900400,XPEV
2022-05-02,25.38999939,25.71999931,24.06999969,24.34000015,7735200,XPEV
2022-05-03,25.62000084,26.22999954,25.09000015,25.42000008,6929000,XPEV
2022-05-04,26.71999931,26.95000076,24.76000023,25.10000038,7351100,XPEV
2022-05-05,23.11000061,25.95999908,22.63999939,25.89999962,11849900,XPEV
2022-05-06,22.28000069,23.54999924,21.90999985,23.25600052,9088300,XPEV
2022-05-09,20.04000092,21.43000031,19.95000076,21.43000031,10934600,XPEV
2022-05-10,20.27000046,22.02000046,19.51000023,21.28000069,8962500,XPEV
2022-05-11,19.81999969,21.79999924,19.65999985,21.28000069,14199500,XPEV
2022-05-12,20.5,21.38999939,18.35000038,19.61000061,14600400,XPEV
2022-05-13,22.81999969,23.12000084,21.54999924,21.63999939,10244700,XPEV
2022-05-16,22.63999939,23.92000008,22.43000031,22.89999962,8152700,XPEV
2022-05-17,23.95000076,24.87000084,23.03000069,23.94000053,9529900,XPEV
2022-05-18,23.04000092,24.78000069,22.80999947,23.25,10271000,XPEV
2022-05-19,23.61000061,24.55999947,23.44000053,23.68000031,10703300,XPEV
2022-05-20,23.27000046,25.13999939,22.53000069,24.82999992,15305600,XPEV
2022-05-23,21.97999954,22.69000053,21.32999992,22.45000076,15629800,XPEV
2022-05-24,20.31999969,21.30999947,19.89999962,21,11913800,XPEV
2022-05-25,20.52000046,21.31999969,20.05999947,20.93000031,8690600,XPEV
2022-05-26,22.07999992,22.27000046,20.29999924,20.38999939,7915900,XPEV
2022-05-27,22.5,22.79999924,21.19000053,21.85000038,8582100,XPEV
2022-05-31,23.5,24.19000053,23.04000092,23.68000031,14192300,XPEV
2022-06-01,22.92000008,24.06999969,22.51000023,23.64999962,10649500,XPEV
2022-06-02,25.14999962,25.22999954,22.63500023,22.95999908,12324200,XPEV
2022-06-03,23.96999931,24.87000084,23.84000015,24.38999939,6019100,XPEV
2022-06-06,25.20999908,25.68000031,24.20000076,25.37000084,11097300,XPEV
2022-06-07,26.12000084,26.21999931,24.45000076,24.87999916,8254400,XPEV
2022-06-08,27.53000069,27.75499916,26.35000038,26.79999924,14003400,XPEV
2022-06-09,26.01000023,26.81999969,25.42000008,25.89999962,11785400,XPEV
2022-06-10,25.80999947,27.39999962,25.70999908,26.84000015,11048200,XPEV
2022-06-13,23.95000076,25.44000053,23.56999969,24.93000031,8802200,XPEV
2022-06-14,25.75,26.45999908,24.77000046,24.89999962,12202500,XPEV
2022-06-15,27,27.35000038,25.85000038,26.68000031,10213800,XPEV
2022-06-16,25.65999985,26.47999954,25.17099953,25.48999977,6418000,XPEV
2022-06-17,28.17000008,28.64999962,26.85000038,27.01000023,18633900,XPEV
2022-06-21,30.09000015,30.67000008,29.20000076,29.5,15265200,XPEV
2022-06-22,30.57999992,31.65999985,29.55999947,30.12999916,12887500,XPEV
2022-06-23,32.97000122,33.06000137,31.54000092,32.63999939,14331500,XPEV
2022-06-24,35.29000092,35.34999847,33.83499908,34.47000122,15311600,XPEV
2022-06-27,34.40000153,34.90000153,33.81999969,34.06999969,9822000,XPEV
2022-06-28,32.65999985,34.20000076,32.29999924,33.54000092,14139600,XPEV
2022-06-29,32.09999847,32.61000061,30.82999992,30.98999977,10363300,XPEV
2022-06-30,31.73999977,32.43999863,30.39999962,31.88999939,9702000,XPEV
2022-07-01,30.28000069,33.02000046,29.54999924,32.86999893,12633000,XPEV
2022-07-05,32.13000107,32.22000122,29.61000061,30.03000069,8491000,XPEV
2022-07-06,30.73999977,31.93000031,30.14999962,31.59000015,7738800,XPEV
2022-07-07,32.43999863,33.56000137,31.80999947,32.00999832,10046500,XPEV
2022-07-08,32.13000107,32.75,31.29999924,31.79999924,6706400,XPEV
2022-07-11,29.25,30.88999939,29.07999992,30.77000046,8929600,XPEV
2022-07-12,29.22999954,29.68000031,28.51000023,28.92000008,5489700,XPEV
2022-07-13,29.77000046,30.12000084,28.19000053,28.70000076,5555300,XPEV
2022-07-14,29.95999908,30.44499969,29.14999962,29.95999908,6770600,XPEV
2022-07-15,29.54000092,29.62999916,28.60000038,29.47999954,6392500,XPEV
2022-07-18,28.20000076,29.34000015,28.07999992,28.95000076,14971900,XPEV
2022-07-19,27.13999939,28.02000046,26.43000031,28,12437400,XPEV
2022-07-20,26.73999977,27.45999908,26.45999908,26.60000038,8712600,XPEV
2022-07-21,26.88999939,27.25,26.31999969,26.51000023,8031600,XPEV
2022-07-22,24.92000008,26.78000069,24.36000061,26.45000076,13418900,XPEV
2022-07-25,24.5,24.81999969,24,24.53000069,6952800,XPEV
2022-07-26,24.38999939,25.61000061,24.01000023,24.98999977,8934200,XPEV
2022-07-27,24.87000084,24.95999908,23.89999962,24.48999977,5758300,XPEV
2022-07-28,24.27000046,24.9640007,23.67000008,24.45000076,7911700,XPEV
2022-07-29,24.43000031,24.57999992,23.27000046,23.54000092,7608500,XPEV
2022-08-01,24.46999931,25.17000008,24.11000061,24.95999908,13837700,XPEV
2022-08-02,24.14999962,25.28000069,23.07999992,23.52000046,13410100,XPEV
2022-08-03,22.98999977,23.70000076,22.03000069,23.60000038,20365100,XPEV
2022-08-04,24.09000015,24.70000076,23.10000038,23.19000053,13135600,XPEV
2022-08-05,23.32999992,23.89999962,22.95999908,23.63999939,6644800,XPEV
2022-08-08,23.05999947,23.82999992,23.02000046,23.38999939,7216900,XPEV
2022-08-09,22.69000053,23.70999908,22.13999939,23.31999969,10393200,XPEV
2022-08-10,22.89999962,23.11000061,22.04000092,23.11000061,10014000,XPEV
2022-08-11,24.61000061,25.90999985,23.20999908,23.57999992,19558500,XPEV
2022-08-12,24.40999985,24.47999954,23.37999916,23.67000008,8128400,XPEV
2022-08-15,23.5,23.61000061,22.63999939,23.42499924,14502900,XPEV
2022-08-16,22.90999985,23.20000076,22.20999908,23.14999962,12868200,XPEV
2022-08-17,22.37000084,23.09000015,22.29999924,22.70000076,6036200,XPEV
2022-08-18,22.05999947,22.22999954,21.63999939,22.17000008,6875000,XPEV
2022-08-19,21.23999977,21.76000023,21.12000084,21.75,6758900,XPEV
2022-08-22,21,21.64999962,20.93099976,21.36000061,8727700,XPEV
2022-08-23,18.72999954,19.86000061,18.18000031,19.81999969,28802200,XPEV
2022-08-24,19.07999992,19.92000008,18.5,18.53000069,11497500,XPEV
2022-08-25,19.44000053,19.93000031,18.59000015,19.37000084,19912500,XPEV
2022-08-26,18.92000008,20.39999962,18.57999992,20.35000038,16062400,XPEV
2022-08-29,18.51000023,19.20000076,18.33499908,18.64999962,9490400,XPEV
2022-08-30,18.26000023,18.60000038,17.95000076,18.28000069,14484300,XPEV
2022-08-31,18.52000046,19.12000084,18.10000038,18.73999977,12882900,XPEV
2022-09-01,17.32999992,18.05999947,16.90999985,18,16912700,XPEV
2022-09-02,16.73999977,17.13999939,16.61000061,16.97999954,12415200,XPEV
2022-09-06,15.89999962,16.56999969,15.71000004,16.46999931,17911300,XPEV
2022-09-07,16,16.53000069,15.63000011,15.75,14641500,XPEV
2022-09-08,15.60000038,15.68000031,15.06999969,15.56999969,17709100,XPEV
2022-09-09,16.03000069,16.55999947,16,16.26000023,12654200,XPEV
2022-09-12,16.36000061,16.63999939,15.97999954,16.54999924,21170100,XPEV
2022-09-13,16.13999939,16.55999947,15.68000031,15.78999996,20166700,XPEV
2022-09-14,16.02000046,16.23500061,15.46500015,15.89999962,16809300,XPEV
2022-09-15,15.51000023,16.20000076,15.40499973,15.67000008,15506300,XPEV
2022-09-16,14.56000042,15.30000019,14.5,15.22999954,26605200,XPEV
2022-09-19,15.64000034,15.72500038,14.28999996,14.30000019,18193100,XPEV
2022-09-20,15.93000031,16.44000053,15.43999958,15.77000046,15856000,XPEV
2022-09-21,14.09000015,15.48999977,13.92000008,15.46000004,41645500,XPEV
2022-09-22,13.73999977,14.60000038,13.39999962,13.72999954,23489400,XPEV
2022-09-23,13.71000004,13.8920002,12.85999966,13.09000015,28279600,XPEV
2022-09-26,14.36999989,14.82999992,14.06999969,14.27999973,27891300,XPEV
2022-09-27,13.71000004,14.80000019,13.57999992,14.57999992,21160800,XPEV
2022-09-28,13.32999992,13.42099953,12.68999958,13.05000019,31799400,XPEV
2022-09-29,12.10999966,12.85000038,11.85000038,12.55000019,33044800,XPEV
2022-09-30,11.94999981,12.27999973,11.31999969,11.39000034,21193100,XPEV
2022-10-03,11.72999954,11.93000031,11.42000008,11.86999989,22300300,XPEV
2022-10-04,11.97999954,12.38000011,11.81499958,12.14999962,22802700,XPEV
2022-10-05,10.98999977,11.55000019,10.67000008,11.52999973,38984800,XPEV
2022-10-06,10.56000042,11.18999958,10.39999962,10.98999977,22461900,XPEV
2022-10-07,9.890000343,10.43999958,9.859999657,10.30000019,22676900,XPEV
2022-10-10,9.539999962,9.729999542,9.345000267,9.649999619,22884000,XPEV
2022-10-11,9.409999847,10.05799961,9.18500042,9.470000267,30129500,XPEV
2022-10-12,9.550000191,10.18000031,9.364999771,9.649999619,22799000,XPEV
2022-10-13,9.130000114,9.300000191,8.515000343,8.899999619,25180500,XPEV
2022-10-14,8.380000114,9.340000153,8.149999619,9.210000038,31221400,XPEV
2022-10-17,8.619999886,8.840000153,8.460000038,8.720000267,16314500,XPEV
2022-10-18,8.600000381,9.239999771,8.510000229,9.06000042,19094500,XPEV
2022-10-19,7.670000076,8.119999886,7.510000229,8.109999657,34163300,XPEV
2022-10-20,7.940000057,8.229999542,7.739999771,7.769999981,31671400,XPEV
2022-10-21,8.130000114,8.210000038,7.610000134,7.800000191,21934400,XPEV
2022-10-24,7.159999847,7.269999981,6.25,7.25,60411400,XPEV
2022-10-25,7.940000057,7.989999771,7.269999981,7.349999905,33409400,XPEV
2022-10-26,8.18999958,8.524999619,7.840000153,7.869999886,34677700,XPEV
2022-10-27,7.360000134,7.875,7.28000021,7.829999924,30790800,XPEV
2022-10-28,6.889999866,6.889999866,6.5,6.670000076,38054200,XPEV
2022-10-31,6.619999886,6.849999905,6.46999979,6.559999943,27737800,XPEV
2022-11-01,6.409999847,6.960000038,6.329999924,6.920000076,39135600,XPEV
2022-11-02,6.599999905,6.96999979,6.179999828,6.5,49040500,XPEV
2022-11-03,6.860000134,6.994999886,6.400000095,6.440000057,23702300,XPEV
2022-11-04,7.880000114,8.239999771,7.650000095,8.029999733,60282200,XPEV
2022-11-07,7.909999847,8.869000435,7.71999979,8.319999695,48472800,XPEV
2022-11-08,7.820000172,7.960000038,7.380000114,7.710000038,23536100,XPEV
2022-11-09,6.670000076,7.309999943,6.630000114,7.21999979,27736800,XPEV
2022-11-10,7.039999962,7.5,6.949999809,7.449999809,37479000,XPEV
2022-11-11,8.489999771,8.595000267,7.199999809,7.460000038,63424700,XPEV
2022-11-14,8.640000343,9.159999847,8.25,9.039999962,56424500,XPEV
2022-11-15,9.020000458,9.550000191,8.760000229,9.390000343,54165600,XPEV
2022-11-16,8.029999733,8.798999786,7.829999924,8.670000076,41186200,XPEV
2022-11-17,8,8.050000191,7.53000021,8.010000229,47052300,XPEV
2022-11-18,7.760000229,8.220000267,7.619999886,7.889999866,26596900,XPEV
2022-11-21,7.320000172,7.539999962,7.099999905,7.539999962,25768000,XPEV
2022-11-22,7.03000021,7.175000191,6.929999828,7.079999924,20911600,XPEV
2022-11-23,7.309999943,7.489999771,7.159999847,7.190000057,22787400,XPEV
2022-11-25,7.070000172,7.090000153,6.820000172,7.039999962,11975600,XPEV
2022-11-28,6.889999866,7.309999943,6.880000114,6.900000095,18284100,XPEV
2022-11-29,7.340000153,7.619999886,7.190000057,7.28000021,34914000,XPEV
2022-11-30,10.81000042,10.95499992,8.529999733,8.539999962,173509600,XPEV
2022-12-01,9.970000267,10.22000027,9.670000076,10.07999992,45221700,XPEV
2022-12-02,11.44999981,12.88000011,10.07999992,10.07999992,94894900,XPEV
2022-12-05,11.34000015,13.10000038,10.88000011,12.96000004,67357500,XPEV
2022-12-06,11.68999958,12.35999966,11.26000023,11.55000019,50168400,XPEV
2022-12-07,11,11.07999992,10.35000038,11.02000046,34072500,XPEV
2022-12-08,11.81999969,12.05000019,11.07999992,11.64999962,36408100,XPEV
2022-12-09,10.93999958,11.48999977,10.93000031,11.43999958,28229900,XPEV
2022-12-12,10.47000027,10.57999992,10.03999996,10.28999996,20614900,XPEV
2022-12-13,10.31000042,11.39000034,10.11999989,11.01000023,25946800,XPEV
2022-12-14,10.18999958,10.43000031,9.930000305,10.22000027,21640300,XPEV
2022-12-15,10.13000011,10.85000038,10.03999996,10.68500042,22494200,XPEV
2022-12-16,10.30000019,11.14500046,10.30000019,10.55000019,25982800,XPEV
2022-12-19,9.659999847,10.39999962,9.359999657,10.39999962,28675600,XPEV
2022-12-20,10.18999958,10.30000019,9.229999542,9.25,26627200,XPEV
2022-12-21,11.30000019,11.32999992,9.909999847,9.989999771,26714500,XPEV
2022-12-22,10.82999992,11.25,10.28999996,11.18000031,20323700,XPEV
2022-12-23,10.06000042,10.75,10,10.71000004,15949500,XPEV
2022-12-27,9.800000191,9.930000305,9.460000038,9.890000343,18615300,XPEV
2022-12-28,9.390000343,9.970000267,9.239999771,9.720000267,16766700,XPEV
2022-12-29,9.880000114,10.05000019,9.539999962,9.75,15350100,XPEV
2022-12-30,9.93999958,10.09000015,9.659999847,9.729999542,11719300,XPEV
2023-01-03,10.18000031,10.97000027,9.729999542,10.63000011,27129700,XPEV
2023-01-04,11.56000042,11.96500015,10.31000042,10.56999969,31419600,XPEV
2023-01-05,11.89999962,12.09000015,11.06000042,11.11999989,21958400,XPEV
2023-01-06,10.10999966,10.57999992,9.850000381,10.52499962,41106700,XPEV
2023-01-09,9.909999847,10.47999954,9.899999619,10.28999996,24729500,XPEV
2023-01-10,10.09000015,10.40999985,9.850000381,10.38000011,22326000,XPEV
2023-01-11,10.01000023,10.02999973,9.539999962,9.880000114,22349500,XPEV
2023-01-12,10.10999966,10.17000008,9.550000191,9.859999657,19037800,XPEV
2023-01-13,9.989999771,10.07999992,9.630000114,9.630000114,14824400,XPEV
2023-01-17,9.359999657,9.590000153,9.109999657,9.529999733,24980400,XPEV
2023-01-18,9.109999657,9.609999657,9.06000042,9.449999809,18357200,XPEV
2023-01-19,8.949999809,9.319999695,8.854999542,9.119999886,15296000,XPEV
2023-01-20,9.399999619,9.880000114,9.029999733,9.210000038,20213100,XPEV
2023-01-23,10.10000038,10.67000008,9.600000381,9.619999886,28341600,XPEV
2023-01-24,9.68999958,10.67000008,9.680000305,10.67000008,14729600,XPEV
2023-01-25,9.770000458,9.850000381,9.380000114,9.550000191,10482100,XPEV
2023-01-26,10.23999977,10.46000004,9.970000267,10.44999981,16775400,XPEV
2023-01-27,10.68999958,11.31000042,10.06000042,10.15999985,28056300,XPEV
2023-01-30,10.02000046,10.42000008,9.869999886,10.31999969,19064600,XPEV
2023-01-31,10.64000034,10.81999969,10.08100033,10.19999981,21769400,XPEV
2023-02-01,11.13000011,11.30000019,10.60000038,10.96000004,20500400,XPEV
2023-02-02,11.05000019,11.55000019,10.90999985,11.25,20385300,XPEV
2023-02-03,10.5,11.26000023,10.42000008,10.77000046,15553500,XPEV
2023-02-06,10.44999981,10.5,10.10599995,10.21000004,9651500,XPEV
2023-02-07,10.34000015,10.47999954,10.02999973,10.43999958,9651300,XPEV
2023-02-08,9.840000153,10.18000031,9.75,10.09000015,13785000,XPEV
2023-02-09,9.75,10.39999962,9.550000191,10.27000046,17616500,XPEV
2023-02-10,9.289999962,9.550000191,9.104999542,9.390000343,12434800,XPEV
2023-02-13,9.460000038,9.748999596,9.340000153,9.659999847,9916600,XPEV
2023-02-14,9.43999958,9.510000229,9.06000042,9.319999695,9826100,XPEV
2023-02-15,9.430000305,9.449999809,9.079999924,9.090000153,11224000,XPEV
2023-02-16,9.699999809,9.850000381,9.380000114,9.409999847,13636800,XPEV
2023-02-17,9.529999733,9.704999924,9.340000153,9.449999809,9025800,XPEV
2023-02-21,9.220000267,9.640000343,9.18999958,9.430000305,8544600,XPEV
2023-02-22,9.210000038,9.305000305,9.029999733,9.229999542,6454300,XPEV
2023-02-23,9.050000191,9.234999657,8.734000206,9.210000038,11596200,XPEV
2023-02-24,8.399999619,8.75,8.220000267,8.739999771,17792700,XPEV
2023-02-27,8.600000381,8.909999847,8.43999958,8.835000038,13173000,XPEV
2023-02-28,8.920000076,9.180000305,8.720000267,8.75,14581400,XPEV
2023-03-01,8.859999657,9.25,8.670000076,9.210000038,12896000,XPEV
2023-03-02,9.329999924,9.385000229,8.774999619,8.949999809,12871800,XPEV
2023-03-03,9.619999886,9.710000038,9.255000114,9.369999886,9091000,XPEV
2023-03-06,9.369999886,9.630000114,9.279999733,9.609999657,10145500,XPEV
2023-03-07,8.630000114,9.050999641,8.539999962,9.039999962,18893600,XPEV
2023-03-08,8.43999958,8.579999924,8.270000458,8.489999771,9807600,XPEV
2023-03-09,8.289999962,8.449999809,8.109999657,8.329999924,15842800,XPEV
2023-03-10,8.180000305,8.380000114,8.029999733,8.220000267,10534000,XPEV
2023-03-13,8.270000458,8.329999924,7.849999905,8.06000042,12576800,XPEV
2023-03-14,7.920000076,8.170000076,7.860000134,8.020000458,13111500,XPEV
2023-03-15,8.100000381,8.25,7.659999847,7.690000057,13598200,XPEV
2023-03-16,8.329999924,8.43500042,7.960999966,8,13119400,XPEV
2023-03-17,8.840000153,9.489999771,8.489999771,8.5,29083600,XPEV
2023-03-20,9.149999619,9.369999886,8.340000153,8.359999657,23771500,XPEV
2023-03-21,9.909999847,10.20499992,9.479999542,9.479999542,22987400,XPEV
2023-03-22,9.699999809,10.10000038,9.630000114,10.06000042,11268300,XPEV
2023-03-23,9.909999847,10.39999962,9.720000267,10.06000042,15974200,XPEV
2023-03-24,9.619999886,9.789999962,9.470000267,9.670000076,8064600,XPEV
2023-03-27,9.710000038,9.869999886,9.5,9.659999847,7218000,XPEV
2023-03-28,10.25,10.31999969,10.03999996,10.22000027,14596900,XPEV
2023-03-29,11.18999958,11.5,10.53999996,10.57499981,27400100,XPEV
2023-03-30,11.39000034,11.68000031,11.26000023,11.42000008,14934500,XPEV
2023-03-31,11.10999966,11.52000046,11.07999992,11.23999977,10707000,XPEV
2023-04-03,11,11.55000019,10.77099991,11.44999981,11725100,XPEV
2023-04-04,10.19999981,10.72000027,10.02000046,10.56000042,10612400,XPEV
2023-04-05,10.03999996,10.15999985,9.819999695,10.09000015,7666500,XPEV
2023-04-06,10.26000023,10.38500023,10.10999966,10.30000019,5016400,XPEV
2023-04-10,10.27999973,10.31499958,9.989999771,10.03999996,4984400,XPEV
2023-04-11,10.48999977,10.77099991,10.40999985,10.47999954,10333200,XPEV
2023-04-12,9.909999847,10.47000027,9.899999619,10.42000008,8763500,XPEV
2023-04-13,9.979999542,10.18000031,9.772000313,10.10000038,7151900,XPEV
2023-04-14,9.920000076,10.19999981,9.75,9.840000153,6293700,XPEV
2023-04-17,11.43000031,11.43000031,10.93000031,11.03999996,18578100,XPEV
2023-04-18,11.27999973,11.55000019,11.11999989,11.14000034,11253000,XPEV
2023-04-19,9.869999886,10.5,9.81000042,10.47999954,22457100,XPEV
2023-04-20,9.329999924,9.619999886,9.140000343,9.614999771,14656400,XPEV
2023-04-21,9.25,9.335000038,9.020000458,9.300000191,9199800,XPEV
2023-04-24,9.289999962,9.359999657,9.180999756,9.25,8081700,XPEV
2023-04-25,8.840000153,9.25,8.630000114,9.140000343,16162200,XPEV
2023-04-26,9.180000305,9.529999733,8.984999657,9.300000191,11518400,XPEV
2023-04-27,9.729999542,9.75,9.270000458,9.300000191,8218600,XPEV
2023-04-28,9.5,9.640000343,9.399999619,9.550000191,5882000,XPEV
2023-05-01,9.899999619,9.93999958,9.274999619,9.390000343,10709300,XPEV
2023-05-02,9.75,9.895000458,9.569999695,9.729999542,7743700,XPEV
2023-05-03,9.670000076,9.880000114,9.56000042,9.579999924,6751400,XPEV
2023-05-04,10.14999962,10.31000042,9.68999958,9.859999657,14572600,XPEV
2023-05-05,10.39999962,10.60999966,10.21000004,10.23999977,9047800,XPEV
2023-05-08,10.55000019,10.81000042,10.39000034,10.61999989,7749200,XPEV
2023-05-09,10.09000015,10.56000042,9.875,9.949999809,12001600,XPEV
2023-05-10,10.30000019,10.43000031,9.994999886,10.23999977,8360100,XPEV
2023-05-11,10.75,10.76500034,10.21000004,10.27999973,11238700,XPEV
2023-05-12,9.819999695,10.15999985,9.600000381,10.10999966,21414700,XPEV
2023-05-15,9.800000191,9.909999847,9.510000229,9.909999847,6707400,XPEV
2023-05-16,9.510000229,9.640000343,9.369999886,9.579999924,6167800,XPEV
2023-05-17,9.579999924,9.659999847,9.279999733,9.380000114,9014700,XPEV
2023-05-18,9.130000114,9.449999809,9.050000191,9.409999847,11911000,XPEV
2023-05-19,9.020000458,9.25,8.909999847,9.050000191,11722400,XPEV
2023-05-22,9.409999847,9.649999619,9.199999809,9.260000229,10011700,XPEV
2023-05-23,9.109999657,9.31000042,9.079999924,9.199999809,10653400,XPEV
2023-05-24,8.649999619,8.779999733,8,8.260000229,28774600,XPEV
2023-05-25,8.010000229,8.130000114,7.849999905,8.109999657,15511000,XPEV
2023-05-26,8.199999809,8.265000343,7.800000191,8.079999924,12801000,XPEV
2023-05-30,7.869999886,8.260000229,7.809999943,8.050000191,19209500,XPEV
2023-05-31,7.880000114,8.079999924,7.690000057,8.06000042,10296500,XPEV
2023-06-01,8.020000458,8.199999809,7.505000114,7.78000021,14190600,XPEV
2023-06-02,8.43999958,8.75,8.340000153,8.430000305,17863000,XPEV
2023-06-05,8.449999809,8.659999847,8.399999619,8.539999962,7274300,XPEV
2023-06-06,8.649999619,8.68500042,8.25,8.449999809,16810300,XPEV
2023-06-07,8.380000114,8.649999619,8.31499958,8.539999962,11131300,XPEV
2023-06-08,8.460000038,8.609999657,8.340000153,8.510000229,7380800,XPEV
2023-06-09,8.869999886,9.354999542,8.774999619,8.774999619,24901800,XPEV
2023-06-12,9.859999657,10.35000038,9.630000114,9.649999619,41728600,XPEV
2023-06-13,10.28999996,10.34000015,9.930000305,10.21000004,17435500,XPEV
2023-06-14,10.80000019,10.92500019,10.48999977,10.60000038,18884700,XPEV
2023-06-15,11.59000015,11.94499969,11.03999996,11.05000019,26725000,XPEV
2023-06-16,11.38000011,11.86999989,11.14999962,11.77999973,17474800,XPEV
2023-06-20,10.88000011,10.90999985,10.60000038,10.77999973,13559100,XPEV
2023-06-21,10.63000011,11.32999992,10.55200005,11.06000042,9902400,XPEV
2023-06-22,10.56000042,10.56499958,10.27000046,10.56000042,6642800,XPEV
2023-06-23,9.899999619,10.07999992,9.640000343,9.949999809,12312300,XPEV
2023-06-26,10.15999985,10.47999954,10.09000015,10.27000046,8363200,XPEV
2023-06-27,10.97999954,11,10.28999996,10.31999969,11998700,XPEV
2023-06-28,11.77999973,11.93000031,11.18000031,11.40999985,19013100,XPEV
2023-06-29,11.82999992,11.98999977,11.39999962,11.75,15905800,XPEV
2023-06-30,13.42000008,13.52999973,12.48999977,12.73999977,42235800,XPEV
2023-07-03,13.97999954,14.85999966,13.56000042,14.38000011,35028000,XPEV
2023-07-05,14.80000019,15.23999977,13.76099968,13.89000034,32738300,XPEV
2023-07-06,14.14000034,14.68999958,14.11999989,14.61999989,16886900,XPEV
2023-07-07,14.15999985,14.5,13.82999992,14,13357600,XPEV
2023-07-10,14.14999962,14.31000042,13.58300018,13.84000015,12854600,XPEV
2023-07-11,14.97000027,15.18000031,14.52499962,14.89000034,20222800,XPEV
2023-07-12,15.14999962,15.55000019,14.82999992,15.48999977,19286600,XPEV
2023-07-13,14.03999996,15.06000042,13.92000008,15.02000046,23968500,XPEV
2023-07-14,14.02000046,14.43000031,13.82999992,14.22999954,13261300,XPEV
2023-07-17,14.06999969,14.16499996,13.57499981,13.61999989,8543300,XPEV
2023-07-18,14.32999992,14.65999985,13.99499989,14.55000019,12394500,XPEV
2023-07-19,14.97999954,15.52999973,14.67000008,14.67000008,17988800,XPEV
2023-07-20,15.03999996,15.07999992,14.47999954,14.63500023,9582900,XPEV
2023-07-21,14.56000042,15.14000034,14.43999958,14.94999981,11268700,XPEV
2023-07-24,16.01000023,16.37999916,14.77999973,14.93000031,25189800,XPEV
2023-07-25,15.35999966,16.87999916,15.35999966,16.45999908,21753200,XPEV
2023-07-26,19.45999908,21.82999992,17.54999924,17.63999939,138918000,XPEV
2023-07-27,20.21999931,21.04100037,19.52000046,20.75,51721300,XPEV
2023-07-28,23.38999939,23.62000084,21.45000076,21.52000046,59549800,XPEV
2023-07-31,20.92000008,21.45999908,19.89999962,20.64999962,57484700,XPEV
2023-08-01,20.04999924,20.69000053,19.74200058,19.86499977,28764800,XPEV
2023-08-02,18.82999992,19.28000069,18.42000008,18.5,33443500,XPEV
2023-08-03,19.54000092,19.95000076,19.10499954,19.28000069,23560200,XPEV
2023-08-04,18.31999969,19.19000053,18.02000046,19.07999992,23847400,XPEV
2023-08-07,18.70000076,19.09000015,18.04000092,19.03000069,14006400,XPEV
2023-08-08,17.72999954,18.29899979,17.66500092,17.92000008,17327000,XPEV
2023-08-09,16.94000053,17.63999939,16.51000023,17.51000023,17483900,XPEV
2023-08-10,16.78000069,17.63999939,16.64999962,17.29000092,14415500,XPEV
2023-08-11,16.28000069,16.36000061,15.89000034,16.17000008,14039400,XPEV
2023-08-14,16.23999977,16.39999962,15.64999962,15.72000027,13328000,XPEV
2023-08-15,16.11000061,16.59000015,15.55500031,16.45000076,14541800,XPEV
2023-08-16,15.57999992,16.13500023,15.32999992,15.42000008,11807900,XPEV
2023-08-17,15.64999962,16.64500046,15.57999992,16.48999977,19395200,XPEV
2023-08-18,14.97999954,15.09000015,14.21000004,14.55000019,23516300,XPEV
2023-08-21,16.43000031,17,15.61499977,15.86999989,26024300,XPEV
2023-08-22,15.93999958,16.88999939,15.45499992,16.76000023,16623400,XPEV
2023-08-23,16.05999947,16.26000023,15.56000042,15.60000038,8811100,XPEV
2023-08-24,16.20000076,16.93000031,16.02499962,16.55999947,12069300,XPEV
2023-08-25,17.53000069,17.57999992,16.39999962,16.64999962,19451000,XPEV
2023-08-28,18.45999908,18.70000076,17.55999947,18.44000053,25026300,XPEV
2023-08-29,19.13999939,19.21999931,17.46999931,18.29999924,23522200,XPEV
2023-08-30,18.87999916,18.97999954,18.22500038,18.59000015,13237400,XPEV
2023-08-31,17.79000092,18.80999947,17.74500084,18.65999985,15861000,XPEV
2023-09-01,18.70999908,19.95999908,18.12000084,18.35000038,32405800,XPEV
2023-09-05,18.75,19.85099983,18.62999916,18.68000031,17361900,XPEV
2023-09-06,18.95000076,19.25,18.52099991,18.89999962,11012300,XPEV
2023-09-07,17.45999908,18.20000076,17.30999947,18.20000076,13196300,XPEV
2023-09-08,17.35000038,17.70299911,17.20499992,17.5,6792300,XPEV
2023-09-11,18.47999954,18.62999916,17.95999908,18.21999931,10780300,XPEV
2023-09-12,18.64999962,19.04000092,18.26000023,18.26000023,8840900,XPEV
2023-09-13,18.06999969,18.37899971,17.95000076,18.04000092,8755100,XPEV
2023-09-14,18.35000038,18.51000023,18.07500076,18.07999992,5950800,XPEV
2023-09-15,18.29999924,18.70000076,18.01000023,18.52000046,6612000,XPEV
2023-09-18,18.45999908,18.56500053,18.01000023,18.01000023,6040200,XPEV
2023-09-19,17.48999977,18.67000008,17.05999947,18.38999939,14774500,XPEV
2023-09-20,16.35000038,17.85499954,16.25,17.40999985,16932000,XPEV
2023-09-21,15.89000034,16.18000031,15.39000034,15.64000034,14625400,XPEV
2023-09-22,16.44000053,16.98999977,16.375,16.98999977,13553500,XPEV
2023-09-25,16.69000053,16.79000092,16.25499916,16.53000069,16998300,XPEV
2023-09-26,16.21999931,16.80999947,16.14999962,16.31999969,6960300,XPEV
2023-09-27,16.69000053,16.69000053,16.09000015,16.36000061,8127900,XPEV
2023-09-28,17.21999931,17.42000008,16.46999931,16.48999977,11415300,XPEV
2023-09-29,18.36000061,18.45999908,17.80999947,18.02000046,11957500,XPEV
2023-10-02,18.12999916,18.51000023,17.90999985,18.29999924,8819100,XPEV
2023-10-03,17.44000053,17.77000046,17.24300003,17.59000015,9387400,XPEV
2023-10-04,17.96999931,18.01000023,17.28000069,17.29000092,8508100,XPEV
2023-10-05,17.95000076,18.01499939,17.55999947,17.90999985,7169800,XPEV
2023-10-06,18.15999985,18.22999954,17.35000038,17.70000076,8481400,XPEV
2023-10-09,16.29000092,17.26000023,15.88500023,17.20000076,25467900,XPEV
2023-10-10,16.94000053,17,16.35000038,16.52499962,8529600,XPEV
2023-10-11,17.01000023,17.68000031,17.00900078,17.20000076,11794800,XPEV
2023-10-12,16.29999924,17.15999985,15.89999962,17.11000061,11111700,XPEV
2023-10-13,16.13999939,16.625,15.93000031,16.28000069,7642300,XPEV
2023-10-16,15.35000038,15.84000015,14.97999954,15.72999954,11996900,XPEV
2023-10-17,15.38000011,15.66499996,15.10000038,15.15999985,7507600,XPEV
2023-10-18,13.80000019,15.01000023,13.47000027,14.98499966,23442200,XPEV
2023-10-19,13.63000011,13.84799957,13.36999989,13.36999989,10122900,XPEV
2023-10-20,13.42000008,13.85000038,13.36999989,13.44999981,9697300,XPEV
2023-10-23,13.90999985,14.08199978,13.22000027,13.34000015,9102200,XPEV
2023-10-24,15.34000015,15.39000034,14.35000038,14.35999966,13203400,XPEV
2023-10-25,14.10999966,14.93000031,14.07999992,14.81999969,10678200,XPEV
2023-10-26,14.57999992,14.85000038,14.34000015,14.52000046,8763300,XPEV
2023-10-27,14.69999981,15.47999954,14.55000019,15.19999981,9023700,XPEV
2023-10-30,14.90999985,15.27999973,14.69999981,15.15999985,6481100,XPEV
2023-10-31,14.47999954,14.77999973,14.22999954,14.67000008,8877200,XPEV
2023-11-01,15.5,15.60999966,14.60999966,14.80000019,13506900,XPEV
2023-11-02,16.54000092,16.95999908,15.93999958,16.14999962,14161200,XPEV
2023-11-03,17.13999939,17.45000076,16.40999985,16.75,11028100,XPEV
2023-11-06,17.43000031,17.90999985,17.13999939,17.79999924,9528700,XPEV
2023-11-07,17.12999916,17.17000008,16.57500076,16.97999954,10668700,XPEV
2023-11-08,16.10000038,16.375,15.94999981,16.25,10335000,XPEV
2023-11-09,15.89000034,16.47500038,15.81499958,16.36000061,8572600,XPEV
2023-11-10,15.26000023,15.77000046,15.14000034,15.73999977,9598200,XPEV
2023-11-13,15.65999985,15.875,15.46000004,15.5,6599100,XPEV
2023-11-14,17,17.07999992,16.18000031,16.54000092,14171900,XPEV
2023-11-15,17.38999939,17.72999954,16.11000061,16.62000084,15781600,XPEV
2023-11-16,16.22999954,16.88999939,16.04000092,16.79000092,10574900,XPEV
2023-11-17,16.79000092,17.03499985,16.56999969,16.75,10455300,XPEV
2023-11-20,18.22999954,18.48999977,17.52000046,17.52000046,15703800,XPEV
2023-11-21,17.39999962,18.20000076,17.36000061,18.03000069,9450900,XPEV
2023-11-22,17.42000008,17.69000053,17.23999977,17.54999924,5001300,XPEV
2023-11-24,18.47999954,18.73999977,17.875,18.29999924,11047300,XPEV
2023-11-27,17.70999908,18.25,17.70999908,18.19000053,6513000,XPEV
2023-11-28,17.87999916,17.99600029,17.51000023,17.79999924,5991100,XPEV
2023-11-29,17.15999985,17.84000015,17.11000061,17.48999977,8585700,XPEV
2023-11-30,16.61000061,17.17000008,16.48999977,17.11000061,8271700,XPEV
2023-12-01,15.73999977,16.20999908,15.56999969,16.20999908,12695000,XPEV
2023-12-04,16.02000046,16.20000076,15.47999954,15.67000008,10682300,XPEV
2023-12-05,16.19000053,16.47500038,15.93500042,16.12000084,8495100,XPEV
2023-12-06,16.70000076,16.97999954,16.45000076,16.56999969,9341200,XPEV
2023-12-07,16,16.52000046,15.96500015,16.37999916,7138900,XPEV
2023-12-08,15.14999962,15.57999992,14.93000031,15.47999954,14196800,XPEV
2023-12-11,15.89000034,15.97999954,15.39999962,15.52000046,8817300,XPEV
2023-12-12,15.52999973,15.83500004,15.25,15.72999954,7007200,XPEV
2023-12-13,15.38000011,15.39000034,14.61999989,14.98499966,9705400,XPEV
2023-12-14,15.64999962,16.28499985,15.06999969,15.125,11508100,XPEV
2023-12-15,14.47000027,14.93000031,14.30000019,14.77999973,25560200,XPEV
2023-12-18,14.31999969,14.56499958,14.16499996,14.42000008,13489400,XPEV
2023-12-19,14.78999996,14.89999962,14.60000038,14.67000008,10662600,XPEV
2023-12-20,13.97999954,14.55000019,13.97000027,14.36999989,12763000,XPEV
2023-12-21,14.17000008,14.30500031,13.93000031,14.05000019,6839500,XPEV
2023-12-22,13.81000042,14.06999969,13.64000034,13.68999958,7990900,XPEV
2023-12-26,14.02999973,14.39999962,14,14.07999992,9203500,XPEV
2023-12-27,13.64999962,14.02999973,13.56000042,13.92000008,10042900,XPEV
2023-12-28,14.27000046,14.81499958,14,14,20422100,XPEV
2023-12-29,14.59000015,14.95499992,14.46000004,14.52999973,14553400,XPEV
2024-01-02,14.03999996,14.43000031,13.84000015,14.30000019,10428500,XPEV
2024-01-03,14.22999954,14.31000042,13.76000023,13.81999969,9138600,XPEV
2024-01-04,13.78999996,14.06000042,13.77000046,14.01000023,7375500,XPEV
2024-01-05,13.09000015,13.67500019,13.02999973,13.64999962,12054700,XPEV
2024-01-08,12.69999981,12.81000042,12.28999996,12.42000008,11094100,XPEV
2024-01-09,12.60000038,12.72999954,12.47000027,12.52000046,8103100,XPEV
2024-01-10,12.39999962,12.55000019,12.25,12.44999981,10672600,XPEV
2024-01-11,12.25,12.80000019,12.10999966,12.77000046,8576200,XPEV
2024-01-12,11.77000046,12.18000031,11.72000027,11.88000011,9778300,XPEV
2024-01-16,10.61999989,11.01000023,10.52999973,10.98999977,19363700,XPEV
2024-01-17,10.10000038,10.35000038,9.725000381,9.789999962,17470000,XPEV
2024-01-18,9.869999886,10.30000019,9.699999809,10.13000011,18447600,XPEV
2024-01-19,9.640000343,9.699999809,9.239999771,9.520000458,16885900,XPEV
2024-01-22,9.340000153,9.529999733,8.850000381,8.949999809,17934500,XPEV
2024-01-23,9.720000267,10.47500038,9.505000114,9.784999847,25027300,XPEV
2024-01-24,9.199999809,10.07999992,9.159999847,9.930000305,24059000,XPEV
2024-01-25,9.050000191,9.239999771,8.925000191,9.180000305,16244500,XPEV
2024-01-26,8.970000267,9.140000343,8.890000343,8.979999542,8807800,XPEV
2024-01-29,8.920000076,8.949999809,8.479999542,8.880000114,14423800,XPEV
2024-01-30,8.649999619,8.779999733,8.56499958,8.770000458,9829000,XPEV
2024-01-31,8.329999924,8.640000343,8.225000381,8.390000343,12376600,XPEV
2024-02-01,8.470000267,8.729999542,8.324999809,8.5,12436200,XPEV
2024-02-02,8.18999958,8.25,8.020000458,8.239999771,12292400,XPEV
2024-02-05,7.869999886,8.010000229,7.800000191,8.010000229,11847300,XPEV
2024-02-06,8.789999962,8.824999809,8.340000153,8.56000042,17488900,XPEV
2024-02-07,8.430000305,8.569999695,8.260000229,8.390000343,11524900,XPEV
2024-02-08,8.420000076,8.5,8.229999542,8.399999619,7914500,XPEV
2024-02-09,8.489999771,8.520000458,8.284999847,8.425000191,5983200,XPEV
2024-02-12,8.819999695,9.140000343,8.5,8.5,10850600,XPEV
2024-02-13,8.539999962,8.659999847,8.420000076,8.56000042,6979400,XPEV
2024-02-14,8.989999771,9.145000458,8.81499958,9,9514300,XPEV
2024-02-15,9.159999847,9.319999695,9.050000191,9.069999695,7093400,XPEV
2024-02-16,9.520000458,9.75,9.414999962,9.56000042,10517300,XPEV
2024-02-20,9,9.255000114,8.850000381,9.010000229,10401900,XPEV
2024-02-21,9.079999924,9.399999619,9.06000042,9.180000305,9342800,XPEV
2024-02-22,9.140000343,9.239999771,8.93999958,9.199999809,7367300,XPEV
2024-02-23,8.630000114,9.029999733,8.569999695,8.920000076,11718700,XPEV
2024-02-26,9.220000267,9.430000305,8.920000076,8.930000305,15916000,XPEV
2024-02-27,9.380000114,9.590000153,9.260000229,9.460000038,10020000,XPEV
2024-02-28,8.729999542,8.979999542,8.649999619,8.949999809,12780800,XPEV
2024-02-29,9.430000305,9.68999958,9.18999958,9.25,17902000,XPEV
2024-03-01,9.949999809,10.14000034,9.390000343,9.430000305,22282000,XPEV
2024-03-04,9.149999619,9.449999809,9.034999847,9.420000076,12265100,XPEV
2024-03-05,9.149999619,9.409999847,8.909999847,9.010000229,9407500,XPEV
2024-03-06,9.600000381,9.869999886,9.359999657,9.725000381,11394300,XPEV
2024-03-07,9.449999809,9.460000038,9.039999962,9.279999733,11031300,XPEV
2024-03-08,9.520000458,9.68999958,9.43999958,9.460000038,9926200,XPEV
2024-03-11,10.05000019,10.25,9.869999886,9.875,12629700,XPEV
2024-03-12,10.31999969,10.6420002,10.10000038,10.40999985,11034900,XPEV
2024-03-13,10,10.40999985,9.979999542,10.18000031,9572200,XPEV
2024-03-14,9.390000343,9.873000145,9.289999962,9.779999733,10739500,XPEV
2024-03-15,9.640000343,9.829999924,9.569999695,9.659999847,8935300,XPEV
2024-03-18,9.819999695,10.44999981,9.779999733,10.32999992,15724300,XPEV
2024-03-19,9.890000343,10.52200031,9.270000458,10.18000031,23088100,XPEV
2024-03-20,9.510000229,9.609999657,9.130000114,9.510000229,37562600,XPEV
2024-03-21,9.239999771,9.699999809,9.239999771,9.470000267,15783100,XPEV
2024-03-22,8.520000458,8.845000267,8.444999695,8.840000153,19653800,XPEV
2024-03-25,8.569999695,8.800000191,8.510000229,8.590000153,10648800,XPEV
2024-03-26,8.539999962,8.75,8.5,8.699999809,10135700,XPEV
2024-03-27,7.809999943,8.170000076,7.75,8.159999847,37202500,XPEV
2024-03-28,7.679999828,8.140000343,7.610000134,8.079999924,28533600,XPEV
2024-04-01,7.760000229,7.989999771,7.650000095,7.800000191,15947800,XPEV
2024-04-02,7.590000153,7.599999905,7.304999828,7.5,15728800,XPEV
2024-04-03,7.429999828,7.449999809,7.269999981,7.360000134,12572000,XPEV
2024-04-04,7.420000076,7.690000057,7.420000076,7.510000229,15442300,XPEV
2024-04-05,7.389999866,7.699999809,7.320000172,7.360000134,15560900,XPEV
2024-04-08,7.380000114,7.429999828,7.179999828,7.25,11404400,XPEV
2024-04-09,8.069999695,8.109999657,7.539999962,7.570000172,22459900,XPEV
2024-04-10,8.149999619,8.18999958,7.929999828,8.010000229,12692400,XPEV
2024-04-11,8.270000458,8.295000076,8.069999695,8.140000343,7797800,XPEV
2024-04-12,7.460000038,7.849999905,7.400000095,7.829999924,16751200,XPEV
2024-04-15,7.199999809,7.510000229,7.070000172,7.510000229,12909400,XPEV
2024-04-16,7.150000095,7.269999981,6.989999771,7,12539500,XPEV
2024-04-17,7.420000076,7.590000153,7.210000038,7.420000076,16418200,XPEV
2024-04-18,7.170000076,7.389999866,7,7.369999886,15563100,XPEV
2024-04-19,6.929999828,7.110000134,6.860000134,6.989999771,11229900,XPEV
2024-04-22,6.980000019,7.059999943,6.551000118,6.710000038,15120100,XPEV
2024-04-23,7.179999828,7.199999809,6.920000076,6.980000019,11969500,XPEV
2024-04-24,7.079999924,7.389999866,7.039999962,7.300000191,10554500,XPEV
2024-04-25,7.079999924,7.110000134,6.945000172,6.989999771,6048900,XPEV
2024-04-26,7.840000153,7.980000019,7.650000095,7.690000057,19376500,XPEV
2024-04-29,8.100000381,8.104999542,7.835000038,7.920000076,14125500,XPEV
2024-04-30,8.130000114,8.149999619,7.920000076,7.980000019,9043900,XPEV
2024-05-01,8.119999886,8.300000191,7.985000134,8.119999886,13997400,XPEV
2024-05-02,9.399999619,9.529999733,8.579999924,8.739999771,28740500,XPEV
2024-05-03,9.06000042,9.296999931,8.930000305,9.119999886,16610900,XPEV
2024-05-06,9.029999733,9.147000313,8.880000114,8.960000038,11830500,XPEV
2024-05-07,8.430000305,8.784999847,8.399999619,8.760000229,13501500,XPEV
2024-05-08,7.889999866,8.029999733,7.670000076,8.010000229,21771500,XPEV
2024-05-09,8.159999847,8.340000153,8.039999962,8.159999847,10077500,XPEV
2024-05-10,7.730000019,8.289999962,7.679999828,8.109999657,18385400,XPEV
2024-05-13,8.090000153,8.430000305,7.920000076,7.920000076,18575200,XPEV
2024-05-14,8.279999733,8.289999962,8.029999733,8.06000042,10657200,XPEV
2024-05-15,7.989999771,8.529999733,7.869999886,8.510000229,11634800,XPEV
2024-05-16,8.270000458,8.449999809,7.900000095,8.039999962,9469600,XPEV
2024-05-17,8.300000191,8.465000153,8.029999733,8.159999847,9242000,XPEV
2024-05-20,8.279999733,8.539999962,8.140000343,8.510000229,17836800,XPEV
2024-05-21,8.770000458,10.47000027,8.56000042,8.720000267,61603300,XPEV
2024-05-22,8.75,9.020000458,8.609999657,8.899999619,16761400,XPEV
2024-05-23,8.100000381,8.43999958,7.900000095,8.399999619,21302900,XPEV
2024-05-24,8.199999809,8.420000076,8.104999542,8.130000114,8047300,XPEV
2024-05-28,8.43999958,8.5,8.135000229,8.18500042,10654100,XPEV
2024-05-29,8.210000038,8.340000153,8.149000168,8.18999958,7392000,XPEV
2024-05-30,8.659999847,8.729999542,8.149999619,8.149999619,15393700,XPEV
2024-05-31,8.31000042,8.5,8.170000076,8.390000343,14027400,XPEV
2024-06-03,8.119999886,8.579999924,8.029999733,8.539999962,9729300,XPEV
2024-06-04,8.100000381,8.180000305,8.010000229,8.145000458,6887900,XPEV
2024-06-05,8.350000381,8.5,8.180000305,8.300000191,9990500,XPEV
2024-06-06,8.359999657,8.470000267,8.229999542,8.25,9192500,XPEV
2024-06-07,8.149999619,8.43999958,8.119999886,8.225000381,7341000,XPEV
2024-06-10,7.929999828,8.18900013,7.889999866,8.149999619,10774900,XPEV
2024-06-11,7.5,7.949999809,7.480000019,7.934999943,15511600,XPEV
2024-06-12,7.480000019,7.690000057,7.340000153,7.639999866,13817900,XPEV
2024-06-13,7.369999886,7.635000229,7.369999886,7.474999905,7923000,XPEV
2024-06-14,7.190000057,7.320000172,7.159999847,7.309999943,6418600,XPEV
2024-06-17,7.320000172,7.329999924,7.170000076,7.260000229,6811600,XPEV
2024-06-18,7.480000019,7.534999847,7.130000114,7.230000019,9129200,XPEV
2024-06-20,7.480000019,7.510000229,7.300000191,7.389999866,6665200,XPEV
2024-06-21,7.730000019,7.829999924,7.5,7.539999962,8175900,XPEV
2024-06-24,7.920000076,8.050000191,7.78000021,7.809999943,6366500,XPEV
2024-06-25,7.940000057,7.960000038,7.789999962,7.860000134,5381000,XPEV
2024-06-26,8.239999771,8.319999695,7.920000076,7.960000038,9226200,XPEV
2024-06-27,7.690000057,7.869999886,7.639999866,7.860000134,10854800,XPEV
2024-06-28,7.329999924,7.619999886,7.175000191,7.610000134,12727700,XPEV
2024-07-01,7.710000038,7.75,7.440000057,7.460000038,10646500,XPEV
2024-07-02,7.630000114,7.989999771,7.570000172,7.840000153,9828800,XPEV
2024-07-03,8.319999695,8.590000153,7.769999981,7.769999981,19785500,XPEV
2024-07-05,7.920000076,7.980000019,7.429999828,7.769999981,23352900,XPEV
2024-07-08,7.449999809,7.679999828,7.429999828,7.639999866,11974200,XPEV
2024-07-09,7.510000229,7.559999943,7.380000114,7.449999809,7444900,XPEV
2024-07-10,8.069999695,8.109999657,7.579999924,7.599999905,18942700,XPEV
2024-07-11,8.68999958,8.989999771,8.43999958,8.5,25447800,XPEV
2024-07-12,8.840000153,9.239999771,8.75,8.880000114,18496100,XPEV
2024-07-15,8.399999619,8.550000191,8.180000305,8.369999886,11193700,XPEV
2024-07-16,8.949999809,8.989999771,8.510000229,8.510000229,13573800,XPEV
2024-07-17,8.600000381,8.875,8.479999542,8.850000381,9168500,XPEV
2024-07-18,8.350000381,8.649999619,8.279999733,8.569999695,7723000,XPEV
2024-07-19,8.449999809,8.539999962,8.199999809,8.279999733,7861700,XPEV
2024-07-22,9,9.039999962,8.739999771,8.789999962,12648100,XPEV
2024-07-23,8.399999619,8.789999962,8.375,8.699999809,11123800,XPEV
2024-07-24,8.050000191,8.305000305,8,8.210000038,8309500,XPEV
2024-07-25,8.199999809,8.329999924,8.090000153,8.18999958,5655500,XPEV
2024-07-26,8.510000229,8.779999733,8.149999619,8.289999962,11778600,XPEV
2024-07-29,8.239999771,8.43999958,8.119999886,8.399999619,8499200,XPEV
2024-07-30,7.940000057,8.119999886,7.900000095,8.100000381,6032500,XPEV
2024-07-31,8.06000042,8.350000381,8.039999962,8.229999542,7872200,XPEV
2024-08-01,7.630000114,8.06000042,7.570000172,8.050000191,9303000,XPEV
2024-08-02,7.559999943,7.610000134,7.369999886,7.409999847,7987700,XPEV
2024-08-05,7.320000172,7.46999979,7.010000229,7.019999981,8913100,XPEV
2024-08-06,7.21999979,7.429999828,7.150000095,7.349999905,9151900,XPEV
2024-08-07,6.829999924,7.284999847,6.824999809,7.139999866,9683100,XPEV
2024-08-08,7.070000172,7.179999828,6.809999943,6.829999924,6391200,XPEV
2024-08-09,6.860000134,7.059999943,6.809999943,7.03000021,6349700,XPEV
2024-08-12,6.630000114,6.829999924,6.599999905,6.829999924,9237400,XPEV
2024-08-13,6.96999979,6.989999771,6.670000076,6.670000076,8507400,XPEV
2024-08-14,6.679999828,6.947999954,6.670000076,6.940000057,9694900,XPEV
2024-08-15,6.840000153,6.920000076,6.800000191,6.809999943,5948900,XPEV
2024-08-16,6.940000057,7.010000229,6.815000057,6.829999924,6044300,XPEV
2024-08-19,7.199999809,7.239999771,7.059999943,7.170000076,11501600,XPEV
2024-08-20,6.769999981,7.25,6.650000095,7.25,21373400,XPEV
2024-08-21,7.059999943,7.09499979,6.75,6.849999905,9232400,XPEV
2024-08-22,6.909999847,7.03000021,6.909999847,7,5968600,XPEV
2024-08-23,7.010000229,7.170000076,6.934999943,7.010000229,9857500,XPEV
2024-08-26,7.510000229,7.639999866,7.329999924,7.385000229,21063500,XPEV
2024-08-27,8,8.020000458,7.550000191,7.71999979,18442200,XPEV
2024-08-28,7.28000021,7.869999886,7.159999847,7.809999943,21446800,XPEV
2024-08-29,7.869999886,7.96999979,7.46999979,7.53000021,17369700,XPEV
2024-08-30,8.050000191,8.210000038,7.864999771,8.180000305,12012400,XPEV
2024-09-03,8.369999886,8.68999958,8.06000042,8.069999695,16353700,XPEV
2024-09-04,8.430000305,8.670000076,8.420000076,8.43500042,11627300,XPEV
2024-09-05,8.829999924,8.960000038,8.630000114,8.649999619,14268300,XPEV
2024-09-06,8.539999962,8.909999847,8.520000458,8.890000343,8412300,XPEV
2024-09-09,8.520000458,8.604999542,8.100000381,8.239999771,9983800,XPEV
2024-09-10,8.75,8.760000229,8.399999619,8.399999619,9572300,XPEV
2024-09-11,9.140000343,9.199999809,8.819999695,8.829999924,11768100,XPEV
2024-09-12,8.619999886,8.890000343,8.380000114,8.869999886,12523200,XPEV
2024-09-13,8.970000267,8.970000267,8.590000153,8.729999542,9128900,XPEV
2024-09-16,8.920000076,9.050000191,8.850000381,8.989999771,6927000,XPEV
2024-09-17,9.050000191,9.470000267,9,9.159999847,10418100,XPEV
2024-09-18,8.640000343,9.069999695,8.619999886,9.050000191,9449100,XPEV
2024-09-19,9.390000343,9.449999809,9.010000229,9.175000191,15098900,XPEV
2024-09-20,9.600000381,9.840000153,9.399999619,9.640000343,12038700,XPEV
2024-09-23,9.56000042,9.829999924,9.260000229,9.430000305,9549000,XPEV
2024-09-24,10.69999981,10.69999981,9.949999809,10.34000015,20817200,XPEV
2024-09-25,10.43000031,10.60000038,10.02999973,10.14999962,14019300,XPEV
2024-09-26,11.67000008,11.93999958,11.42000008,11.5,26130400,XPEV
2024-09-27,12.72000027,12.75500011,12.02999973,12.25,25072400,XPEV
2024-09-30,12.18000031,13.67000008,12.02999973,13.65999985,32665000,XPEV
2024-10-01,12.85000038,12.89000034,11.92000008,12.57999992,23345200,XPEV
2024-10-02,13.34000015,13.72999954,12.51000023,13.5,30555500,XPEV
2024-10-03,12.39999962,13.02000046,12.28999996,12.81000042,18250700,XPEV
2024-10-04,12.81000042,12.82999992,12.11999989,12.52000046,17680200,XPEV
2024-10-07,13.07999992,13.68000031,12.44999981,13.34000015,24319600,XPEV
2024-10-08,12.13000011,12.5,11.72000027,11.89999962,16886400,XPEV
2024-10-09,12.55000019,12.81999969,11.85999966,11.90999985,14866000,XPEV
2024-10-10,12.65999985,13.17000008,12.34000015,12.84000015,15295300,XPEV
2024-10-11,12.89999962,13.03999996,12.14999962,12.27000046,11744200,XPEV
2024-10-14,11.64000034,12.22000027,11.43500042,12.15999985,23992300,XPEV
2024-10-15,11.15999985,11.51000023,11.06999969,11.31000042,17151300,XPEV
2024-10-16,11.05000019,11.42000008,10.97500038,11.02000046,9133600,XPEV
2024-10-17,10.22000027,10.75,10.06499958,10.69999981,17847800,XPEV
2024-10-18,10.48999977,10.97999954,10.43999958,10.93999958,16074500,XPEV
2024-10-21,10.81999969,10.85999966,10.48999977,10.5,8168800,XPEV
2024-10-22,11.03999996,11.42000008,10.86999989,10.86999989,11522000,XPEV
2024-10-23,11.15999985,11.44900036,11.05000019,11.18999958,9493300,XPEV
2024-10-24,10.47000027,11.10000038,10.42000008,11.08500004,13469800,XPEV
2024-10-25,11.13000011,11.42000008,10.68999958,10.76000023,17562600,XPEV
2024-10-28,12.13000011,12.60000038,11.51000023,11.57999992,21097500,XPEV
2024-10-29,11.60000038,12.10000038,11.53999996,12.03999996,12289400,XPEV
2024-10-30,11.35000038,11.56499958,11.17000008,11.25,9840900,XPEV
2024-10-31,11.22999954,11.5,10.92000008,11.5,10084500,XPEV
2024-11-01,11.52000046,11.85999966,11.18999958,11.35000038,11590100,XPEV
2024-11-04,12.06999969,12.57999992,12.01000023,12.17500019,11246600,XPEV
2024-11-05,12.81000042,12.97000027,12.59000015,12.63500023,12307100,XPEV
2024-11-06,12.30000019,12.30500031,11.73499966,12.03999996,17659700,XPEV
2024-11-07,14.22000027,14.68999958,13.28999996,13.39000034,33831000,XPEV
2024-11-08,14.48999977,14.52000046,13.85999966,14.01000023,18726200,XPEV
2024-11-11,15.30000019,15.6789999,14.95499992,15.18000031,18568700,XPEV
2024-11-12,13.67000008,14.53999996,13.5,14.44999981,21865300,XPEV
2024-11-13,13.35000038,14.15999985,13.03499985,14.15999985,16477900,XPEV
2024-11-14,12.63000011,13.02999973,12.47000027,13,15255600,XPEV
2024-11-15,12.73999977,12.81000042,12.34000015,12.69999981,12033800,XPEV
2024-11-18,13.01000023,13.38500023,12.94999981,13.02999973,12464700,XPEV
2024-11-19,12.52000046,13.18999958,11.90999985,13.17000008,24637200,XPEV
2024-11-20,12.64000034,12.97000027,12.35999966,12.59000015,17549400,XPEV
2024-11-21,12.28999996,12.39000034,11.88000011,12.11999989,12557900,XPEV
2024-11-22,11.90999985,12.11999989,11.55000019,11.72000027,14769300,XPEV
2024-11-25,11.61999989,11.76500034,11.47999954,11.63000011,12239700,XPEV
2024-11-26,11.39000034,11.5,11.22999954,11.39999962,6257900,XPEV
2024-11-27,11.90999985,12.14999962,11.72500038,11.89999962,14487700,XPEV
2024-11-29,12.05000019,12.31499958,11.86999989,11.97000027,5134700,XPEV
2024-12-02,12.68999958,13.15999985,12.56999969,12.60999966,12702000,XPEV
2024-12-03,12.68999958,13.13000011,12.52499962,12.56999969,8689600,XPEV
2024-12-04,12.77999973,12.90999985,12.46000004,12.75,6070700,XPEV
2024-12-05,12.53999996,13.25,12.5,12.77000046,26290800,XPEV
2024-12-06,12.5,12.77999973,12.26000023,12.77999973,7880300,XPEV
2024-12-09,14.13000011,14.65999985,13.53100014,13.68000031,22323100,XPEV
2024-12-10,13.14999962,13.55500031,13.03999996,13.41499996,11374000,XPEV
2024-12-11,12.78999996,13.05000019,12.625,12.97000027,9764200,XPEV
2024-12-12,12.81000042,12.93000031,12.57999992,12.60000038,4994700,XPEV
2024-12-13,12.30000019,12.51000023,12.26500034,12.34500027,9744200,XPEV
2024-12-16,12.39000034,12.40999985,11.97999954,12.15999985,7052000,XPEV
2024-12-17,12.84000015,13.02000046,12.31000042,12.39000034,9207100,XPEV
2024-12-18,12.47999954,12.92000008,12.39000034,12.71000004,6597900,XPEV
2024-12-19,12.71000004,12.89999962,12.44999981,12.52000046,6506600,XPEV
2024-12-20,12.64000034,12.93999958,12.22999954,12.47000027,6396200,XPEV
2024-12-23,12.81000042,12.81999969,12.49499989,12.65999985,4084900,XPEV
2024-12-24,12.97999954,13.19999981,12.89000034,13,4067300,XPEV
2024-12-26,13.26000023,13.61999989,13.06000042,13.10999966,6093600,XPEV
2024-12-27,12.63000011,12.85999966,12.5,12.81999969,7170300,XPEV
2024-12-30,11.86999989,12.01000023,11.60999966,11.94999981,11022200,XPEV
2024-12-31,11.81999969,12.45499992,11.81999969,12.03999996,6423600,XPEV
2025-01-02,11.55000019,11.72500038,11.14000034,11.56999969,13163700,XPEV
2025-01-03,11.71000004,11.89999962,11.40499973,11.56000042,8450300,XPEV
2025-01-06,11.75,12.22999954,11.61999989,12.13000011,8047500,XPEV
2025-01-07,12.85999966,12.93000031,12.18999958,12.22999954,19864200,XPEV
2025-01-08,12.14000034,12.57999992,12.05000019,12.52999973,15752000,XPEV
2025-01-10,12.22000027,12.28999996,11.88000011,12.06000042,6028700,XPEV
2025-01-13,11.81000042,11.97999954,11.60999966,11.93999958,7241200,XPEV
2025-01-14,12.60999966,13.02000046,12.47000027,12.88000011,10702600,XPEV
2025-01-15,13.05000019,13.18999958,12.78999996,13,8821300,XPEV
2025-01-16,13.86999989,14.10999966,13.60000038,13.61999989,13353400,XPEV
2025-01-17,14.13000011,14.20899963,13.85000038,13.97500038,9576000,XPEV
2025-01-21,15,15.10999966,14.65299988,14.92000008,16467900,XPEV
2025-01-22,14.52999973,14.86999989,14.40999985,14.79500008,10503400,XPEV
2025-01-23,14.23999977,14.29800034,14.01000023,14.26000023,7069900,XPEV
2025-01-24,14.68000031,14.89000034,14.39999962,14.56999969,6733900,XPEV
2025-01-27,15.09000015,15.43999958,14.72999954,14.97999954,12457100,XPEV
2025-01-28,15.10999966,15.18500042,14.78999996,15.10000038,6372300,XPEV
2025-01-29,14.81000042,15.27000046,14.74499989,15.22999954,4532800,XPEV
2025-01-30,15.56999969,15.89000034,14.81000042,14.96000004,10289800,XPEV